DATE_TRANS;TRANSID_MVOLA;STATE;MSISDN;PIVOT;SENS;NOM;TRANSID_PARENT;TRANS_TYPE;AMOUNT;SOLDE_PIVOT_AVANT;SOLDE_PIVOT_APRES;ORIGFTID;TYPE_OPERATION
14/09/2026 05:50:20;7156289152;Completed;0384947724;0385344178;C;RANDRIANARISOA;0;wallettobank;485000;560261519;560746519;6f5a7a73-5375-4ee5-bba1-82e871090ac6;WTB
14/09/2026 07:15:33;7159389358;Completed;0341446327;0385344178;C;RAKOTONIAINA;0;wallettobank;78000;562286519;562364519;d78209de-eb18-4e75-a8f6-40e3eee59806;WTB
14/09/2026 06:32:13;7157412259;Completed;0342478914;0385344178;C;genela;0;wallettobank;400000;560746519;561146519;2a0c2f6d-0025-4d1b-8328-e77fdc37f94d;WTB
14/09/2026 06:40:50;7157736196;Completed;0340651959;0385344178;C;Razafindratsila;0;wallettobank;10000;561146519;561156519;2f120a45-96f6-4ca2-813e-869d3a62eb03;WTB
14/09/2026 06:50:31;7158123066;Completed;0389090135;0385344178;C;TODISOA;0;wallettobank;8000;561230519;561238519;1e94b312-49d2-47ff-b5ac-2fd399e83120;WTB
14/09/2026 06:45:25;7157934722;Completed;0340538090;0385344178;C;RAHOLISON;0;wallettobank;74000;561156519;561230519;bc0218f8-c162-43c4-9784-d8ba6b9ece94;WTB
14/09/2026 07:10:13;7159088531;Completed;0387289183;0385344178;C;Arzal;0;wallettobank;700000;561546519;562246519;94488201-a614-4e42-8f22-27eeea5beff1;WTB
14/09/2026 07:04:50;7158816544;Completed;0386643532;0385344178;C;MIRINDRA;0;wallettobank;154000;561238519;561392519;3e85f518-e53e-4899-974c-2bb960e72ea9;WTB
14/09/2026 07:42:08;7161013389;Completed;0349225531;0385344178;C;JACOB;0;wallettobank;795000;565000169;565795169;ffe69e49-1465-448e-9935-37095e39fee2;WTB
14/09/2026 07:05:32;7158857815;Completed;0347508033;0385344178;C;RAELIARINIRINA;0;wallettobank;154000;561392519;561546519;422f3cc0-85cd-448a-ba15-b848a131ad5b;WTB
14/09/2026 07:16:23;7159439311;Completed;0348069519;0385344178;C;Andriankaja;0;wallettobank;650;562364519;562365169;cce98276-8762-4eb6-843f-b8989414f399;WTB
14/09/2026 08:41:52;7165842905;Completed;0342144017;0385344178;C;BRUNO;0;wallettobank;1240000;575470269;576710269;179d55f8-8227-44df-8edc-f86ff0f20b84;WTB
14/09/2026 07:42:18;7161046630;Completed;0385938014;0385344178;C;RAVELONIRINA;0;wallettobank;80000;565795169;565875169;2d1790d2-5815-4cbd-a20c-b63bccb57bef;WTB
14/09/2026 07:13:48;7159323986;Completed;0387048932;0385344178;C;RAKOTOALISON;0;wallettobank;40000;562246519;562286519;59d7b6f0-a132-4355-be7e-514009edd521;WTB
14/09/2026 07:51:04;7161642848;Completed;0348069519;0385344178;C;Andriankaja;0;wallettobank;2700;566012169;566014869;c70a8cae-122a-4e5f-b849-89da1373c43b;WTB
14/09/2026 07:23:07;7159818980;Completed;0380135467;0385344178;C;Ranaivoson;0;wallettobank;35000;562365169;562400169;37b57b8e-3c49-489e-a630-4d9d04930921;WTB
14/09/2026 07:29:01;7160186291;Completed;0340734881;0385344178;C;TATA;0;wallettobank;30000;562855169;562885169;6d34fc58-ddcb-4fd1-a33a-cd2a725d70e1;WTB
14/09/2026 07:26:18;7160005128;Completed;0389658036;0385344178;C;ANDRIAMANOHISOA MAMINANDRIANINA SEDRA FINOANA;0;wallettobank;120000;562400169;562520169;c6749585-abc2-4d58-b754-834cda643f47;WTB
14/09/2026 07:51:21;7161694032;Completed;0348300459;0385344178;C;ANDRIANANTENAINA;0;wallettobank;446000;566014869;566460869;38836deb-8809-4744-bc76-574792833a3a;WTB
14/09/2026 07:26:59;7160038821;Completed;0383508972;0385344178;C;Toto nomenjanahary;0;wallettobank;335000;562520169;562855169;e875797f-9afb-432e-b1bb-f6d1b0f8a235;WTB
14/09/2026 07:51:27;7161672480;Completed;0340200414;0385344178;C;FATIMA;0;wallettobank;121000;566460869;566581869;1a7e94fe-3438-45b1-9907-9eb49e660bc1;WTB
14/09/2026 07:51:53;7161747735;Completed;0383829238;0385344178;C;RAKOTOMANGA;0;wallettobank;645000;566581869;567226869;0e6dd35a-5b66-42ea-8192-de14a3928bb4;WTB
14/09/2026 07:37:09;7160742088;Completed;0346349401;0385344178;C;ANDRIAMALALA;0;wallettobank;400000;562885169;563285169;26ea4c36-9f19-48c0-aad8-e3812f12e089;WTB
14/09/2026 07:38:22;7160763353;Completed;0346047539;0385344178;C;ANDRIAMANANA;0;wallettobank;610000;563285169;563895169;8145a325-ab54-45ca-af29-27a8d6686dc1;WTB
14/09/2026 14:00:46;7189694554;Completed;0345006609;0385344178;C;Raharinaivo;0;wallettobank;50000;650796199;650846199;0abf8c25-6ef8-45c1-a8a9-d4272e7ff2c7;WTB
14/09/2026 07:39:18;7160852201;Completed;0347758206;0385344178;C;DOSY;0;wallettobank;1070000;563895169;564965169;5f6b7fce-056a-4658-b61b-f6d4691c06af;WTB
14/09/2026 08:00:10;7162353516;Completed;0380127807;0385344178;C;RABENASANDRATRA;0;wallettobank;1000;567790869;567791869;a29e769e-961d-4d4b-90e1-7d0e703339f7;WTB
14/09/2026 07:41:39;7161009246;Completed;0384536313;0385344178;C;MAHO;0;wallettobank;35000;564965169;565000169;39a90b4b-3d17-4b3a-8cbf-f2b35f637f39;WTB
14/09/2026 07:53:02;7161803209;Completed;0380127807;0385344178;C;RABENASANDRATRA;0;wallettobank;14000;567226869;567240869;412b2d80-17cd-439a-8758-08866e226051;WTB
14/09/2026 07:47:21;7161417820;Completed;0346669147;0385344178;C;Rndriamanantena;0;wallettobank;37000;565875169;565912169;5d92e5d9-2f4c-488a-bafa-c9080cda4222;WTB
14/09/2026 07:47:55;7161452212;Completed;0383435832;0385344178;C;ZANAMISY;0;wallettobank;100000;565912169;566012169;32661174-9917-4c62-a875-abd9eaacc2ee;WTB
14/09/2026 08:30:30;7164852875;Completed;0384043023;0385344178;C;BERNADETTE;0;wallettobank;525000;572951769;573476769;f80e15fe-f5ec-47e7-91be-0abd4b2d5f64;WTB
14/09/2026 08:30:34;7164864002;Completed;0343792287;0385344178;C;Randrianandrasana;0;wallettobank;150000;573476769;573626769;8580ce4e-afe4-4a89-9c0b-fa2abdbe5a0c;WTB
14/09/2026 08:11:49;7163267091;Completed;0387772693;0385344178;C;RATSIMBAZAFY;0;wallettobank;200000;569590869;569790869;211a82ad-2b3b-45ec-a06c-0008df8ffa92;WTB
14/09/2026 07:58:22;7162198977;Completed;0349790362;0385344178;C;COLOMBE;0;wallettobank;550000;567240869;567790869;32b761b7-d1cd-48f0-80bb-636cadadd7cf;WTB
14/09/2026 08:03:50;7162645983;Completed;0347017070;0385344178;C;RAZAFINTSALAMA;0;wallettobank;500000;567791869;568291869;6baad7f4-f8f7-4083-940f-512a345d24d0;WTB
14/09/2026 08:04:36;7162695791;Completed;0347756525;0385344178;C;ravaomalala;0;wallettobank;189000;568291869;568480869;1fb2ed07-e729-4c98-aa59-6e570a772d98;WTB
14/09/2026 08:04:37;7162697200;Completed;0347450543;0385344178;C;ANDRINIAINA;0;wallettobank;700000;568480869;569180869;bc1239af-cd61-4a08-87bc-073e095ef818;WTB
14/09/2026 08:43:34;7165965569;Completed;0384894856;0385344178;C;RATEFIARISON 5;0;wallettobank;250000;576710269;576960269;0b955464-aead-4b07-b5ca-36436b575c09;WTB
14/09/2026 08:13:39;7163431154;Completed;0383089759;0385344178;C;Razakamahefa;0;wallettobank;400000;569790869;570190869;8358fed8-7832-4ead-9de3-d382204138e9;WTB
14/09/2026 08:06:48;7162864416;Completed;0387406585;0385344178;C;RASOARIVELO;0;wallettobank;210000;569180869;569390869;4de18d6b-aff7-4429-aed3-d38605dd02ba;WTB
14/09/2026 08:21:03;7164046145;Completed;0389044057;0385344178;C;RATEFIARISOA;0;wallettobank;19000;570190869;570209869;b7c51c82-bd0b-4bac-8520-663b8aee12af;WTB
14/09/2026 08:31:24;7164937668;Completed;0384979531;0385344178;C;RANDRIAMANANJARA;0;wallettobank;75000;573626769;573701769;bdb16514-abc5-46f2-bd1c-3dfb1ea2a31b;WTB
14/09/2026 08:21:33;7164069648;Completed;0344753917;0385344178;C;RASOAHARIMALALA;0;wallettobank;40000;570209869;570249869;3df9db47-0724-4a13-a670-29aa18e184a9;WTB
14/09/2026 08:08:46;7163032993;Completed;0349555763;0385344178;C;Juric;0;wallettobank;200000;569390869;569590869;21b8b6ba-25a5-4231-bdf9-c9d29a818ebd;WTB
14/09/2026 08:21:45;7164131504;Completed;0385876447;0385344178;C;MPETIZAFY;0;wallettobank;400000;570249869;570649869;af7d1b78-6caa-402c-a19a-58ac8b2522f8;WTB
14/09/2026 08:22:07;7164146291;Completed;0389044057;0385344178;C;RATEFIARISOA;0;wallettobank;5000;570649869;570654869;df8824c9-ef0f-49b5-97ba-c1841f35d481;WTB
14/09/2026 08:45:01;7166075963;Completed;0346088029;0385344178;C;Jaoarimanana;0;wallettobank;518000;576960269;577478269;c5988bc6-5735-4360-bb69-fc754653c43d;WTB
14/09/2026 08:24:02;7164291366;Completed;0381440474;0385344178;C;RABEASINA;0;wallettobank;581900;570654869;571236769;471e2986-d96f-4b36-9ce9-db18a334f6b7;WTB
14/09/2026 09:02:48;7167652036;Completed;0348774022;0385344178;C;Rajao;0;wallettobank;300000;579815069;580115069;6b68c7f5-94e8-4266-a93c-cb48d6767f87;WTB
14/09/2026 08:27:03;7164558008;Completed;0384043023;0385344178;C;BERNADETTE;0;wallettobank;1000000;571236769;572236769;f7813190-6b09-4f87-a692-cc7ffcc18270;WTB
14/09/2026 08:28:47;7164691571;Completed;0349020418;0385344178;C;RAMANANTSOA;0;wallettobank;715000;572236769;572951769;dc3c9c3b-ae34-4692-a484-d1cab74cfe4c;WTB
14/09/2026 08:34:05;7165161271;Completed;0346338542;0385344178;C;RAFENOARIMANANA;0;wallettobank;60000;573701769;573761769;10566dec-b5c5-4a0d-bc4e-b5e0abc07390;WTB
14/09/2026 09:14:56;7168677831;Completed;0341031293;0385344178;C;Randriamanantena;0;wallettobank;138600;581354069;581492669;ff7de7df-7fdc-4668-9a54-1a9d0acd146b;WTB
14/09/2026 08:35:01;7165221715;Completed;0385532409;0385344178;C;TITA MICKAEL;0;wallettobank;648500;573761769;574410269;098f2a56-343a-451d-a0e2-cea30b77160e;WTB
14/09/2026 08:35:53;7165297034;Completed;0347723936;0385344178;C;RAZANAKINIAINA;0;wallettobank;232000;574410269;574642269;880c015e-a6a7-4060-9e94-bf43d15a2f44;WTB
14/09/2026 08:36:15;7165357801;Completed;0360634822;0385344178;C;RAKONDRAVELO;0;wallettobank;300000;574642269;574942269;e1cb938a-a404-45c7-888f-792d721fc443;WTB
14/09/2026 09:36:27;7170536502;Completed;0388293891;0385344178;C;RAHARIMANANA;0;wallettobank;20000;585545769;585565769;8ae8339a-a7b5-4303-984d-c9f09d9fc61d;WTB
14/09/2026 08:50:15;7166510900;Completed;0349862622;0385344178;C;velomaro;0;wallettobank;307000;577478269;577785269;ea58ae80-7ae4-4153-b367-74d9b62fcb36;WTB
14/09/2026 08:36:29;7165384184;Completed;0342251132;0385344178;C;RAZAFITSIFERANA;0;wallettobank;10000;574942269;574952269;08e9cf19-17d8-4f61-bd01-5d254b6a0712;WTB
14/09/2026 11:33:14;7179976488;Completed;0381884105;0385344178;C;MAHASELA;0;wallettobank;3000;614013799;614016799;4c1651c5-c9f9-49d8-82b2-fbb3d0e9dd30;WTB
14/09/2026 09:16:15;7168827354;Completed;0347141016;0385344178;C;RAVAONJANAHARY AIMEE MARIE FRANCINE;0;wallettobank;181100;581592669;581773769;7f481289-ab05-4755-b6b3-707078493b6c;WTB
14/09/2026 09:36:58;7170569824;Completed;0385394839;0385344178;C;RANDRIANARIVELO;0;wallettobank;177000;585565769;585742769;0ff70604-79e2-4d70-8a6b-fde475fce15b;WTB
14/09/2026 08:41:25;7165784768;Completed;0346088029;0385344178;C;Jaoarimanana;0;wallettobank;518000;574952269;575470269;4b8d7d6c-bd67-4b75-bdd1-78a4ca11bd8a;WTB
14/09/2026 09:16:13;7168813052;Completed;0344446081;0385344178;C;VOLANA RAHARINTSEHENO;0;wallettobank;100000;581492669;581592669;fe28e6fc-9a50-4f0b-93cb-eb002613e88a;WTB
14/09/2026 09:16:28;7168802672;Completed;0343667763;0385344178;C;RANDRIAMAHAZAKA;0;wallettobank;3000;581773769;581776769;996ca3b6-7eb2-4bcf-bff3-612e5e659be1;WTB
14/09/2026 08:53:29;7166822903;Completed;0344761329;0385344178;C;Rasoaritiana;0;wallettobank;6000;577785269;577791269;697cf712-7518-416b-bcf7-e1c319534659;WTB
14/09/2026 09:37:13;7170628888;Completed;0387928597;0385344178;C;MARIE SOLIE LACIENNE;0;wallettobank;358100;585742769;586100869;244f35ab-f421-40e9-adb2-f91b072b9d6c;WTB
14/09/2026 08:55:45;7167033117;Completed;0380657834;0385344178;C;RAVOLATINA;0;wallettobank;234900;577791269;578026169;8d3718b7-b3fd-4f3b-b0a9-0348ab9f2135;WTB
14/09/2026 09:07:19;7168020579;Completed;0342424455;0385344178;C;Razanajatovo;0;wallettobank;326000;580115069;580441069;baf728f0-0fc9-45cc-866b-42f7d57b3de3;WTB
14/09/2026 10:16:56;7173967886;Completed;0341903894;0385344178;C;ANDRIANTSOA;0;wallettobank;80000;593785119;593865119;35c94397-c0c3-480d-951d-801f532f7e25;WTB
14/09/2026 08:57:24;7167164201;Completed;0349559383;0385344178;C;RAMIARIMANITRA;0;wallettobank;800000;578026169;578826169;7bb96eec-afdb-4878-b101-e5984e25b326;WTB
14/09/2026 08:57:30;7167174332;Completed;0383893766;0385344178;C;MARIE;0;wallettobank;3000;578826169;578829169;b0374e4e-d83c-4b41-ad9c-6caaff483bfe;WTB
14/09/2026 14:01:07;7189700264;Completed;0340111976;0385344178;C;RAVAONIAINA;0;wallettobank;370000;650846199;651216199;c6933474-d32f-46bb-aff9-a2ad6f29d959;WTB
14/09/2026 08:59:55;7167384797;Completed;0340102813;0385344178;C;roger;0;wallettobank;115900;578829169;578945069;d4a7e777-d369-48e7-86e1-764909c6f6cb;WTB
14/09/2026 09:00:10;7167418668;Completed;0346890408;0385344178;C;Raharimalala;0;wallettobank;870000;578945069;579815069;1c992086-bbbf-4121-b6ae-82a8bce8a158;WTB
14/09/2026 09:18:59;7169064029;Completed;0385295276;0385344178;C;ZAFILAZA;0;wallettobank;153000;581776769;581929769;f16a8094-5f86-4911-9697-013539170ec5;WTB
14/09/2026 09:57:16;7172298270;Completed;0346791828;0385344178;C;raharison;0;wallettobank;296000;590550269;590846269;bb8ea49e-ddc3-4a51-a633-9b29127f666a;WTB
14/09/2026 09:18:59;7169019786;Completed;0344261211;0385344178;C;RASOAZANANORO;0;wallettobank;15000;581929769;581944769;63efcfd1-cd71-4453-9e2d-8064a6615f9a;WTB
14/09/2026 09:19:25;7169103305;Completed;0386677535;0385344178;C;RAMAKAVELO;0;wallettobank;20000;581944769;581964769;780a014c-1d9c-40da-bd87-3535ba4bb9f4;WTB
14/09/2026 09:09:33;7168198685;Completed;0347411086;0385344178;C;BEVAVY;0;wallettobank;860000;580441069;581301069;ae1a0ba9-02f5-4575-b906-80f553676958;WTB
14/09/2026 09:38:55;7170787202;Completed;0383020961;0385344178;C;RAZANAMALALA;0;wallettobank;760000;586100869;586860869;3907e2f0-7fe3-4300-b647-6113fb9d3dc7;WTB
14/09/2026 09:20:21;7169186275;Completed;0340810478;0385344178;C;RANDRIAMANARINA;0;wallettobank;280000;581964769;582244769;404b750c-0126-447a-99eb-f2ddb49c3e21;WTB
14/09/2026 09:11:13;7168366305;Completed;0345379471;0385344178;C;Rasamimanana;0;wallettobank;3000;581301069;581304069;4a2399d9-aec4-475e-b28c-27e4686fc19b;WTB
14/09/2026 09:21:20;7169261255;Completed;0347702367;0385344178;C;RAKOTONIRINA;0;wallettobank;370000;582244769;582614769;f3df53c9-8068-4c43-aa22-074322664d65;WTB
14/09/2026 09:12:28;7168466328;Completed;0343188320;0385344178;C;RAMIFIDISOA;0;wallettobank;50000;581304069;581354069;6cfd0ccd-9a6b-4e8f-af37-fbfc67540de4;WTB
14/09/2026 09:22:03;7169327780;Completed;0386677535;0385344178;C;RAMAKAVELO;0;wallettobank;1000;582614769;582615769;5734b8af-d2fd-4270-87e4-e8317af83223;WTB
14/09/2026 09:58:17;7172391906;Completed;0383829238;0385344178;C;RAKOTOMANGA;0;wallettobank;130000;590846269;590976269;219d5446-6e7a-47a4-90b7-3b98ee98fcba;WTB
14/09/2026 09:22:35;7169350060;Completed;0344526677;0385344178;C;rakotoarisoa;0;wallettobank;370000;582615769;582985769;934a5d54-d8e1-47ef-8027-488293d592b2;WTB
14/09/2026 09:41:10;7170963214;Completed;0389552862;0385344178;C;RAHARIMANANTENA;0;wallettobank;129800;586860869;586990669;215f6561-8a81-4215-94e9-7fc655621eca;WTB
14/09/2026 09:41:44;7170991133;Completed;0349613580;0385344178;C;RAKOTONIRINA;0;wallettobank;345000;586990669;587335669;495e369a-55e7-4ccf-b5b1-be44ac7891ab;WTB
14/09/2026 09:58:58;7172440342;Completed;0346791828;0385344178;C;raharison;0;wallettobank;650;590976269;590976919;fe8eb8b6-3e17-4864-a981-4b4381ec44d4;WTB
14/09/2026 09:27:33;7169800775;Completed;0340270967;0385344178;C;velonasandratra;0;wallettobank;156000;582985769;583141769;8c870444-3b5e-48c9-90e1-fa6f58e0aacd;WTB
14/09/2026 09:28:48;7169912436;Completed;0349156929;0385344178;C;TSIAZONANGOLY;0;wallettobank;3000;583141769;583144769;ea7d8991-0c20-4717-85a5-bec3e5af6ce3;WTB
14/09/2026 09:30:09;7170032169;Completed;0345208580;0385344178;C;RAMAROLA;0;wallettobank;2100000;583144769;585244769;8b0ef294-868e-41fe-951c-cf79cc18a070;WTB
14/09/2026 10:00:03;7172537642;Completed;0349537775;0385344178;C;MAMISOA;0;wallettobank;86000;590976919;591062919;6138eec6-cfaa-41be-8c40-fa920856e033;WTB
14/09/2026 09:31:19;7170132044;Completed;0389496529;0385344178;C;RANDRIANANTENAINA;0;wallettobank;91000;585244769;585335769;03f1f116-4283-4844-8d27-c9f2e8dda367;WTB
14/09/2026 09:32:33;7170238427;Completed;0340172325;0385344178;C;Rakotohasimbola;0;wallettobank;210000;585335769;585545769;26900b69-71ec-4ba9-8cd1-035635ade5f3;WTB
14/09/2026 09:45:26;7171307118;Completed;0340145707;0385344178;C;Razafiarisoa;0;wallettobank;300000;587335669;587635669;6a9a53a2-8c49-44bd-abce-a289531235aa;WTB
14/09/2026 10:01:20;7172623221;Completed;0385566585;0385344178;C;RATSIMBASON;0;wallettobank;245000;591062919;591307919;2d6653eb-7732-4ddb-b92f-cb5fff173cf6;WTB
14/09/2026 10:20:17;7174234642;Completed;0383026763;0385344178;C;RASOAZANATSIMBA;0;wallettobank;696800;593865119;594561919;ca7ce3b3-6d30-4856-be26-c6c29ae3de6c;WTB
14/09/2026 15:58:28;7197630062;Completed;0381708631;0385344178;C;RANDRIANOTOVONANA;0;wallettobank;1070000;247912262;248982262;73653917-5ee2-4c6c-9a0b-b4da71615da5;WTB
14/09/2026 11:35:04;7180094438;Completed;0341379943;0385344178;C;Randrianarisoa;0;wallettobank;37000;614016799;614053799;d7c343db-7fbf-45b6-8adb-00382d57c012;WTB
14/09/2026 09:50:44;7171748373;Completed;0383026763;0385344178;C;RASOAZANATSIMBA;0;wallettobank;1766000;587635669;589401669;8e9aff01-095c-4a62-9803-de5b63aa7356;WTB
14/09/2026 09:50:45;7171759179;Completed;0383829238;0385344178;C;RAKOTOMANGA;0;wallettobank;50000;589401669;589451669;b0672fa6-7f99-4abd-b4cc-a4b489cc84c2;WTB
14/09/2026 15:58:29;7197646514;Completed;0343023934;0385344178;C;RAKOTOMALALA;0;wallettobank;248770;248982262;249231032;a7204d89-a74a-47b6-8c13-42619e96e892;WTB
14/09/2026 09:53:02;7171978949;Completed;0385222562;0385344178;C;RABEMANOTRONA;0;wallettobank;56000;589451669;589507669;1dce4260-1c79-46fa-852e-b0610496d8bb;WTB
14/09/2026 09:53:23;7171991475;Completed;0381178982;0385344178;C;RAKOTONIRINA;0;wallettobank;107000;589507669;589614669;d9ddfae7-7f71-439b-a574-6f1cb35c2850;WTB
14/09/2026 10:03:34;7172840826;Completed;0383829238;0385344178;C;RAKOTOMANGA;0;wallettobank;145000;591307919;591452919;ed9602f8-7cf7-4776-8cdb-800edf01e51c;WTB
14/09/2026 10:21:17;7174323008;Completed;0344445547;0385344178;C;Ralalainanirina;0;wallettobank;10000;594561919;594571919;9f152adc-b8a6-4175-830f-93110ad85971;WTB
14/09/2026 09:54:30;7172080392;Completed;0385343147;0385344178;C;RAMAROKOTO;0;wallettobank;225600;589614669;589840269;be691cb5-7898-478c-b6d4-5f963fb4fc3a;WTB
14/09/2026 09:55:02;7172138466;Completed;0387494582;0385344178;C;RANDRIANASOLO;0;wallettobank;710000;589840269;590550269;72003f5a-6131-4b96-94d3-7bddbd4ca81a;WTB
14/09/2026 10:04:01;7172895171;Completed;0386569974;0385344178;C;Rakotondramanana;0;wallettobank;316000;591452919;591768919;b5ae88e7-b8a2-4b78-a589-425de7aa8d27;WTB
14/09/2026 10:04:11;7172873352;Completed;0386778273;0385344178;C;FELANA;0;wallettobank;2500;591768919;591771419;fb12b794-faaa-42a6-9654-2a897471578a;WTB
14/09/2026 10:22:17;7174400412;Completed;0346958718;0385344178;C;RAMANGASON;0;wallettobank;33000;594571919;594604919;f882490c-5017-4df5-aeec-218bf532457e;WTB
14/09/2026 10:06:01;7173066796;Completed;0343990089;0385344178;C;aziz;0;wallettobank;200000;591771419;591971419;7e6afa06-eaba-4913-a7e1-ff6dbfad0e12;WTB
14/09/2026 10:06:12;7173081871;Completed;0386778273;0385344178;C;FELANA;0;wallettobank;3700;591971419;591975119;20fd506c-50fb-4f9e-834c-6a02a5525755;WTB
14/09/2026 10:23:12;7174493504;Completed;0380985567;0385344178;C;Rakotondrazaka;0;wallettobank;2580;594604919;594607499;663201ef-812a-458b-8b38-a276beed0fa6;WTB
14/09/2026 10:07:50;7173190232;Completed;0345645110;0385344178;C;Celestin;0;wallettobank;8000;591975119;591983119;b81a4ce6-d244-4cbd-a163-a85e29e0789b;WTB
14/09/2026 10:08:08;7173237794;Completed;0340192833;0385344178;C;razafitsoary;0;wallettobank;410000;591983119;592393119;a80694c2-baf0-4c05-84ba-7330bcbb90e6;WTB
14/09/2026 10:08:10;7173227199;Completed;0385267750;0385344178;C;Ramanantenasoa;0;wallettobank;153000;592393119;592546119;d879308d-279a-4b5c-986b-db8864a430a0;WTB
14/09/2026 10:08:40;7173280124;Completed;0386671795;0385344178;C;RANDRIANARIVONY;0;wallettobank;300000;592546119;592846119;5faa8618-a4f9-46da-a991-db2655896233;WTB
14/09/2026 10:09:32;7173353031;Completed;0383829238;0385344178;C;RAKOTOMANGA;0;wallettobank;262000;592846119;593108119;03917701-7d78-4a74-a70f-6b50fcdffc7d;WTB
14/09/2026 10:25:27;7174674169;Completed;0380985567;0385344178;C;Rakotondrazaka;0;wallettobank;7500;594607499;594614999;bcd83657-8629-4080-917b-0d3f518fabc5;WTB
14/09/2026 10:25:46;7174705520;Completed;0342103139;0385344178;C;RANAIVOSON;0;wallettobank;105000;594614999;594719999;dfe4f04c-b7de-45bc-b1f4-18a3b58f75ef;WTB
14/09/2026 10:14:47;7173798430;Completed;0346550382;0385344178;C;FATRATRAMAMONJIHERITIANA;0;wallettobank;27000;593108119;593135119;44fe805a-499c-48ad-8aea-54ae1bf8a783;WTB
14/09/2026 10:15:25;7173826686;Completed;0389031089;0385344178;C;RAZANADRASOA;0;wallettobank;650000;593135119;593785119;df1cd206-094f-4bd7-a90d-60458dadcf62;WTB
14/09/2026 11:37:01;7180228403;Completed;0342606549;0385344178;C;Ransriamanamisata;0;wallettobank;890000;614053799;614943799;9396fe09-2d47-44e3-87f6-02850f26807f;WTB
14/09/2026 12:20:50;7183459696;Completed;0344727461;0385344178;C;kely;0;wallettobank;313000;629021399;629334399;3eda8746-c0f0-4baa-bc2b-be68fc63eea4;WTB
14/09/2026 10:54:55;7177002924;Completed;0383924424;0385344178;C;Herinirina Nazire;0;wallettobank;3000000;597783799;600783799;edd95c29-e1cb-4fe5-8b86-42ffa6d58ad7;WTB
14/09/2026 10:28:38;7174930309;Completed;0384475414;0385344178;C;EVICTORINE;0;wallettobank;600000;594719999;595319999;ea086324-42ed-4016-94ab-4c583c847f49;WTB
14/09/2026 10:28:47;7174929696;Completed;0342704854;0385344178;C;volahova;0;wallettobank;90000;595319999;595409999;3313107f-6228-480c-abc9-5b0d31f85ea1;WTB
14/09/2026 10:30:05;7175024094;Completed;0382167748;0385344178;C;RAMAMONJY SOA;0;wallettobank;19500;595409999;595429499;c6ac4b03-4d02-45cb-bc60-e5ac4e705f20;WTB
14/09/2026 10:30:35;7175073580;Completed;0387494582;0385344178;C;RANDRIANASOLO;0;wallettobank;30000;595429499;595459499;479676b2-06d8-4500-97c4-2763363d4ad3;WTB
14/09/2026 10:56:08;7177108344;Completed;0344062341;0385344178;C;Rahanitriniaina;0;wallettobank;4000000;600783799;604783799;2b4d42f6-f98c-4024-9ee4-6fc23615056f;WTB
14/09/2026 10:56:35;7177123688;Completed;0346845403;0385344178;C;HELINIRINA;0;wallettobank;140000;604783799;604923799;4be8b823-747b-494d-996a-2e359aa8dc75;WTB
14/09/2026 11:31:57;7179875382;Completed;0347418310;0385344178;C;RANAIVOHASIVAO;0;wallettobank;1140000;612623799;613763799;89708efd-9139-420c-9f99-4b1ebe69213f;WTB
14/09/2026 15:59:02;7197662425;Completed;0348026968;0385344178;C;rameliarisoa;0;wallettobank;150000;249231032;249381032;0a71191b-7e40-470c-b628-40952ac49d56;WTB
14/09/2026 10:56:57;7177173583;Completed;0345270821;0385344178;C;Tsilenty;0;wallettobank;38000;604923799;604961799;0f3ae271-d632-48fe-83c7-e290922338bc;WTB
14/09/2026 10:33:04;7175280888;Completed;0388715645;0385344178;C;JEAN LOUIS;0;wallettobank;323000;595459499;595782499;9971bde8-ea77-490c-b8cd-bef0080ecae0;WTB
14/09/2026 10:57:39;7177219982;Completed;0387632536;0385344178;C;RASOASALAMA;0;wallettobank;600000;604961799;605561799;65436a40-36f7-4ff9-a276-39cc41c94bbc;WTB
14/09/2026 10:33:27;7175295500;Completed;0340253138;0385344178;C;mahomed;0;wallettobank;1060000;595782499;596842499;9886bebf-8ec4-47b1-99ed-0894aa99dc8a;WTB
14/09/2026 10:34:23;7175366525;Completed;0342803258;0385344178;C;Razafitsilama;0;wallettobank;1500;596842499;596843999;647248d3-e9b4-46c8-97bf-9f3e7725cd08;WTB
14/09/2026 10:35:56;7175525056;Completed;0345225366;0385344178;C;RAKOTOARIMALALA;0;wallettobank;160000;596843999;597003999;2f152d37-1c42-4b6f-80ca-0c57fa93098f;WTB
14/09/2026 10:37:34;7175637710;Completed;0343482503;0385344178;C;ZAFITININA;0;wallettobank;354000;597003999;597357999;917d618d-dd71-470e-95e4-323aabf823d5;WTB
14/09/2026 10:38:03;7175662334;Completed;0346790423;0385344178;C;tahirinjaka;0;wallettobank;265000;597357999;597622999;7894bd50-515e-4953-ac6f-4982c906b075;WTB
14/09/2026 11:00:35;7177434980;Completed;0381405180;0385344178;C;RAZAFIRINA;0;wallettobank;60000;605561799;605621799;2523c60d-d661-4eef-b6a1-7e92f955c583;WTB
14/09/2026 11:01:01;7177463633;Completed;0382693535;0385344178;C;HARISON ANDRIANORO;0;wallettobank;128000;605621799;605749799;a7cb1131-e188-4d2b-8f02-7019a32cd3d5;WTB
14/09/2026 10:41:56;7175996414;Completed;0380247355;0385344178;C;RASIDISON;0;wallettobank;120800;597622999;597743799;9b30eca5-ee7d-4d89-912e-20a6d81076ee;WTB
14/09/2026 10:45:59;7176330661;Completed;0384842386;0385344178;C;Fanjanirina;0;wallettobank;40000;597743799;597783799;fec53d34-eb81-4bd9-a5dc-150eebb334cc;WTB
14/09/2026 11:40:19;7180485321;Completed;0387540196;0385344178;C;RAMINOSON;0;wallettobank;6135000;614943799;621078799;f81882e8-5d9b-4320-83fc-d5c8cc4174ef;WTB
14/09/2026 11:40:54;7180538101;Completed;0342071190;0385344178;C;ANDRIANJANAHARY;0;wallettobank;145000;621078799;621223799;22eb618f-f258-4204-b1ed-c297b11a2702;WTB
14/09/2026 11:05:26;7177825465;Completed;0383340879;0385344178;C;RAKOTONJANAHARY;0;wallettobank;103000;605749799;605852799;0ed5d20a-8797-47fd-8d3e-05960dd8d63d;WTB
14/09/2026 11:06:17;7177890524;Completed;0346514933;0385344178;C;RASOAZANAMIHAJA;0;wallettobank;600000;605852799;606452799;c3a0634e-2724-4fc8-a9d9-636dcc422c3a;WTB
14/09/2026 14:04:23;7189872398;Completed;0347850404;0385344178;C;FANJA ANDRIAMANANTENA;0;wallettobank;298000;651216199;651514199;6ecdf30f-09eb-43ea-82d3-0f5ccf7140ad;WTB
14/09/2026 11:42:21;7180636584;Completed;0340428602;0385344178;C;lantomandimby;0;wallettobank;20000;621223799;621243799;4fc1cbeb-717e-4acb-ab5f-0293bdab0ea8;WTB
14/09/2026 11:07:00;7177957372;Completed;0382498787;0385344178;C;Cartelo Judichael;0;wallettobank;870000;606452799;607322799;bd8c64ea-de1a-4d6f-b576-c8d3e40e6fbf;WTB
14/09/2026 11:07:19;7177957455;Completed;0384054809;0385344178;C;HAJARAMAMPIONONA;0;wallettobank;70000;607322799;607392799;3c9687c4-56c8-40ff-b97b-f8f4cd0fed1a;WTB
14/09/2026 11:07:38;7178023725;Completed;0346176919;0385344178;C;RABENIARY;0;wallettobank;40000;607392799;607432799;ad8e700d-f8de-41fb-a7d8-cad0190d4604;WTB
14/09/2026 11:08:23;7178048132;Completed;0383918958;0385344178;C;Manandaza;0;wallettobank;1500000;607432799;608932799;6ab6ffc9-b7a7-4a9e-b6b6-e887e24f876a;WTB
14/09/2026 11:08:59;7178081537;Completed;0384054809;0385344178;C;HAJARAMAMPIONONA;0;wallettobank;9000;608932799;608941799;4a25a212-b732-4faa-90f8-0b804936388e;WTB
14/09/2026 11:44:03;7180759477;Completed;0341379943;0385344178;C;Randrianarisoa;0;wallettobank;330000;621243799;621573799;98aca889-7ade-4de8-adfb-2ee25185f7b0;WTB
14/09/2026 15:59:55;7197729874;Completed;0346535002;0385344178;C;RAZANATSOA;0;wallettobank;89000;249381032;249470032;30d336ec-ca15-4836-bd6d-db3f64089ad7;WTB
14/09/2026 12:25:05;7183765613;Completed;0389658036;0385344178;C;ANDRIAMANOHISOA MAMINANDRIANINA SEDRA FINOANA;0;wallettobank;2500;629334399;629336899;f311a05e-39da-400e-bd75-9ff0e860df52;WTB
14/09/2026 11:13:44;7178485967;Completed;0349972711;0385344178;C;Rahasimanantena;0;wallettobank;1600000;608941799;610541799;7027fd29-f649-4f45-89fc-cf2650b7f79f;WTB
14/09/2026 11:16:15;7178669310;Completed;0340388606;0385344178;C;Antsovina;0;wallettobank;30000;610541799;610571799;3d798791-8de6-482a-acf2-718c573c03db;WTB
14/09/2026 11:47:53;7181041535;Completed;0349059459;0385344178;C;FENOARISOA;0;wallettobank;40000;621573799;621613799;f7cd61e8-2b96-43a9-9e6c-ec41ee6349e6;WTB
14/09/2026 14:06:01;7190002613;Completed;0347528748;0385344178;C;RAZANATSARA;0;wallettobank;166400;651514199;651680599;f8e266c2-b361-4bd0-843e-a9c7e61b1b02;WTB
14/09/2026 11:19:00;7178888362;Completed;0342781530;0385344178;C;Andriamanalina;0;wallettobank;479000;610571799;611050799;cb1733a3-1247-4df0-b306-5bfbed965cac;WTB
14/09/2026 11:19:14;7178905045;Completed;0342102547;0385344178;C;rasoamanana;0;wallettobank;100000;611050799;611150799;229ea6aa-1411-4dde-addc-bcadd0c46d6e;WTB
14/09/2026 11:49:37;7181198336;Completed;0380953208;0385344178;C;RAHERIMANANA;0;wallettobank;100000;621613799;621713799;28126e28-1c73-448a-9962-240fc70d25e1;WTB
14/09/2026 11:50:01;7181210690;Completed;0347528748;0385344178;C;RAZANATSARA;0;wallettobank;578000;621713799;622291799;d195d81e-44c9-4454-a4ae-19f9f8ee664c;WTB
14/09/2026 11:22:24;7179121985;Completed;0386965845;0385344178;C;BIALAHY;0;wallettobank;510000;611150799;611660799;0b74525b-67bd-4dac-98ca-e34611e46a20;WTB
14/09/2026 16:00:38;7197829657;Completed;0385132376;0385344178;C;Heriniaina;0;wallettobank;421672;249470032;249891704;c7fdcec1-8d8a-4f96-9175-b166e4bbac2a;WTB
14/09/2026 11:24:37;7179311989;Completed;0386079615;0385344178;C;RAZAFINARIVO;0;wallettobank;63000;611660799;611723799;99a7929d-be04-4ecd-b4e7-5c2037fda225;WTB
14/09/2026 11:26:00;7179410123;Completed;0384750555;0385344178;C;RAFANOMEZANTSOA;0;wallettobank;105000;611723799;611828799;ef3512f3-261a-43fc-a045-968dcbd4dbc6;WTB
14/09/2026 16:00:57;7197864785;Completed;0383018161;0385344178;C;RAKOTONDRABE;0;wallettobank;310000;249891704;250201704;ed26daa8-d805-448c-9459-19e523d639ef;WTB
14/09/2026 14:07:47;7190102274;Completed;0385401719;0385344178;C;RAHERINIAINA;0;wallettobank;380000;651680599;652060599;f4803427-4cad-426f-9ca7-1d81aa09d4cd;WTB
14/09/2026 11:26:52;7179468681;Completed;0347004516;0385344178;C;ANDRIANIAVOMIKOTROKA;0;wallettobank;545000;611828799;612373799;af45b360-10f2-481a-b4fe-19c5bda16a4b;WTB
14/09/2026 12:30:27;7184092624;Completed;0384054809;0385344178;C;HAJARAMAMPIONONA;0;wallettobank;5000;629336899;629341899;66e5f230-c9d1-478d-bea8-ac38ae60cae4;WTB
14/09/2026 18:10:49;7208287525;Completed;0389140600;0385344178;C;RANARIMALALA;0;wallettobank;175000;281218544;281393544;8026145e-064b-4a37-afe3-3e89c0177ec8;WTB
14/09/2026 11:28:35;7179602202;Completed;0348449098;0385344178;C;Voahirana;0;wallettobank;250000;612373799;612623799;bdebd3e5-9a77-44ed-8c22-0e4112bb0974;WTB
14/09/2026 12:48:29;7185297990;Completed;0342601237;0385344178;C;Andriatahiry;0;wallettobank;3320000;630736499;634056499;1e3da704-781e-4dc3-8c8f-b0670e1a7303;WTB
14/09/2026 11:32:06;7179881213;Completed;0341908570;0385344178;C;razafimanantsoa;0;wallettobank;250000;613763799;614013799;c9122465-156d-4198-b8a9-63cb1d7adf63;WTB
14/09/2026 14:09:35;7190201646;Completed;0348442255;0385344178;C;hantanirina volahasina;0;wallettobank;302000;652060599;652362599;b5780c1f-8187-438f-9086-8754a1be06d0;WTB
14/09/2026 11:51:12;7181333427;Completed;0385386663;0385344178;C;Andoniaina;0;wallettobank;4400;622291799;622296199;8078714c-0538-4f49-a64c-c660276ec10c;WTB
14/09/2026 11:51:58;7181390994;Completed;0389658036;0385344178;C;ANDRIAMANOHISOA MAMINANDRIANINA SEDRA FINOANA;0;wallettobank;2000;622296199;622298199;77fe65ca-9178-462f-a0dc-3933552ed7ac;WTB
14/09/2026 14:10:15;7190260010;Completed;0341489370;0385344178;C;Ravelomisy;0;wallettobank;1373000;652362599;653735599;f0faa2e2-9389-4ce0-a65e-e10da134fa35;WTB
14/09/2026 11:53:33;7181458214;Completed;0349516164;0385344178;C;andriamananitany;0;wallettobank;135000;622298199;622433199;d4926433-84c4-4842-bf78-af179f103674;WTB
14/09/2026 11:54:47;7181547910;Completed;0388482348;0385344178;C;RAZAFIALIFARA;0;wallettobank;300000;622433199;622733199;262fc0da-9f11-4615-bbdb-97f2eb0de3de;WTB
14/09/2026 11:55:00;7181572524;Completed;0388186711;0385344178;C;CHAMIRA;0;wallettobank;320000;622733199;623053199;9e36ae9f-b941-4c12-b80f-c9902dd2e354;WTB
14/09/2026 12:36:42;7184506053;Completed;0340926876;0385344178;C;randrianasolo;0;wallettobank;520000;629341899;629861899;13e4c6e4-df21-40a1-9321-7d3fa3dc6629;WTB
14/09/2026 14:11:24;7190321877;Completed;0341407381;0385344178;C;RAMANANDAFINIAINA;0;wallettobank;300000;653735599;654035599;37eabd92-1267-4a55-ab21-f97ebd015730;WTB
14/09/2026 11:58:38;7181850158;Completed;0346595432;0385344178;C;DANIEL;0;wallettobank;190000;623053199;623243199;b1e6dd3c-4f6b-465d-b806-f4fc0aac150e;WTB
14/09/2026 11:58:49;7181876943;Completed;0388625823;0385344178;C;JOSE MICHEL;0;wallettobank;2900;623243199;623246099;0bf81fec-75e2-47aa-a144-89366b5d05cd;WTB
14/09/2026 12:39:27;7184739496;Completed;0389553781;0385344178;C;RAVAOMAMITIANA;0;wallettobank;285000;629961899;630246899;7be19665-fa46-4cf3-84bd-b0090be598f2;WTB
14/09/2026 12:39:04;7184685018;Completed;0342103465;0385344178;C;rakotondrina;0;wallettobank;100000;629861899;629961899;d3d6e7ba-598a-484b-bb87-40d24770bae6;WTB
14/09/2026 12:00:15;7181981133;Completed;0344492369;0385344178;C;Lahajanahary;0;wallettobank;625000;623246099;623871099;c6382798-b2be-4f43-803c-be441d481a90;WTB
14/09/2026 12:00:29;7181976274;Completed;0340639091;0385344178;C;ANJARASOA;0;wallettobank;300000;623871099;624171099;d6b35260-c7ad-42ef-bf42-674c22f408e7;WTB
14/09/2026 12:00:57;7182046611;Completed;0382097544;0385344178;C;RAZANAMALALA;0;wallettobank;350000;624171099;624521099;64d9d40f-8121-449b-9dcf-625dbda7c133;WTB
14/09/2026 12:02:24;7182106479;Completed;0345448244;0385344178;C;Tojohery Salohy;0;wallettobank;155300;624521099;624676399;7d1cf45e-837b-4a24-9f73-ca1412158e7d;WTB
14/09/2026 12:40:30;7184790620;Completed;0384054809;0385344178;C;HAJARAMAMPIONONA;0;wallettobank;4000;630246899;630250899;efe0cd39-91f0-4657-b53d-e28472a8f0f4;WTB
14/09/2026 12:04:16;7182256192;Completed;0346715834;0385344178;C;Biavy;0;wallettobank;135000;624676399;624811399;47d78aba-3a6f-408a-99a6-a27e3b06456d;WTB
14/09/2026 12:06:18;7182418108;Completed;0347945168;0385344178;C;RAZANAJATOVO;0;wallettobank;500000;624811399;625311399;1ac9b439-ea2a-49ac-a1ad-dd4682cff7d5;WTB
14/09/2026 14:13:51;7190476220;Completed;0343222403;0385344178;C;rasolonirina;0;wallettobank;202020;654035599;654237619;64427a04-05da-482d-a7aa-04570a0222c3;WTB
14/09/2026 12:07:20;7182470823;Completed;0340888552;0385344178;C;MANANTSOA;0;wallettobank;185000;625311399;625496399;0349657f-ef8a-4158-8bb1-9d370ca8ef11;WTB
14/09/2026 12:08:02;7182535284;Completed;0346595432;0385344178;C;DANIEL;0;wallettobank;15000;625496399;625511399;d4850494-c89c-4378-9d36-6de223398449;WTB
14/09/2026 12:08:16;7182553348;Completed;0348121105;0385344178;C;hoelinasamiharilala;0;wallettobank;1000000;625511399;626511399;bc17334b-d98f-4ce0-9318-462e7b9eade3;WTB
14/09/2026 12:11:20;7182755547;Completed;0347472989;0385344178;C;RABEMANANJARA;0;wallettobank;30000;626511399;626541399;2bbdec1d-6544-499e-90d8-a57ec0c245d5;WTB
14/09/2026 12:12:28;7182839622;Completed;0386587607;0385344178;C;Rasiarivola;0;wallettobank;2000000;626541399;628541399;d377fae5-cf4b-4b59-a589-31e01e516bcd;WTB
14/09/2026 12:14:10;7182980183;Completed;0346929303;0385344178;C;Ratsaramiavisoa;0;wallettobank;280000;628541399;628821399;cea703f6-2115-49f1-9f29-9b1c10de5b5d;WTB
14/09/2026 16:04:01;7198104757;Completed;0385222562;0385344178;C;RABEMANOTRONA;0;wallettobank;4000;250201704;250205704;65cde762-c474-402b-b21d-81e03ae7fd96;WTB
14/09/2026 12:16:42;7183167243;Completed;0389658036;0385344178;C;ANDRIAMANOHISOA MAMINANDRIANINA SEDRA FINOANA;0;wallettobank;200000;628821399;629021399;336c9485-62c8-442f-99d0-1515f9560dce;WTB
14/09/2026 15:39:44;7196139459;Completed;0386548984;0385344178;C;RANDRIANARISOA;0;wallettobank;900000;244352738;245252738;c106f0c0-a464-47cd-9fc4-744932d3da31;WTB
14/09/2026 14:17:14;7190679588;Completed;0341229271;0385344178;C;Randrianarison;0;wallettobank;255000;654237619;654492619;15ed6c7f-48b9-43f0-8316-0c8b0fb8b8f1;WTB
14/09/2026 12:48:27;7185338011;Completed;0385929566;0385344178;C;ANDRIANAVALONA;0;wallettobank;485600;630250899;630736499;5bf58215-ea43-4aea-be7b-ce4125fc33fc;WTB
14/09/2026 14:18:43;7190772783;Completed;0346595432;0385344178;C;DANIEL;0;wallettobank;205000;654662619;654867619;877e80f3-8cad-4849-b7f6-e19bee210467;WTB
14/09/2026 14:18:04;7190739480;Completed;0345132376;0385344178;C;razaiarisoa;0;wallettobank;170000;654492619;654662619;60fd6549-b68a-409a-8152-931d5928874d;WTB
14/09/2026 12:52:54;7185574662;Completed;0341485264;0385344178;C;RATISBONNE;0;wallettobank;172000;634056499;634228499;d9f5dc1b-8231-40e9-a585-d9f0a1a65762;WTB
14/09/2026 14:19:40;7190831767;Completed;0348903676;0385344178;C;razanakolona;0;wallettobank;246000;654867619;655113619;c128388a-24ee-435d-aadc-c84de2ae8c79;WTB
14/09/2026 12:54:08;7185654416;Completed;0342103465;0385344178;C;rakotondrina;0;wallettobank;10000;634228499;634238499;e6afa145-f5d1-48af-b151-aa233c674c4e;WTB
14/09/2026 12:55:58;7185802279;Completed;0387159675;0385344178;C;RAMIANDRISOA;0;wallettobank;372000;634238499;634610499;d1557125-8ac7-41a3-89a3-68d2498d4c80;WTB
14/09/2026 12:57:42;7185925564;Completed;0381403023;0385344178;C;ANDRIATSIFERANA;0;wallettobank;50000;634610499;634660499;92ee42a3-aa85-436e-86f6-d30d6ee4e9e4;WTB
14/09/2026 12:58:53;7185968965;Completed;0341743516;0385344178;C;RAHARIVOLOLONA;0;wallettobank;505500;634660499;635165999;999f813d-91a6-44a0-ab79-a6726daa9d2e;WTB
14/09/2026 13:01:09;7186100216;Completed;0348464111;0385344178;C;razafindrazaka;0;wallettobank;1045400;635165999;636211399;1a92d6b7-2c41-4a02-8b8f-ff6be9fd1185;WTB
14/09/2026 13:01:16;7186128983;Completed;0345958239;0385344178;C;Andrianaivoherizo;0;wallettobank;2140000;636211399;638351399;b80667f8-5f2b-40e9-9eb0-eba4178a266d;WTB
14/09/2026 16:06:44;7198275489;Completed;0345298615;0385344178;C;ravololonirina;0;wallettobank;296000;250205704;250501704;1715c63a-b2a8-49f8-90ef-60d07c3ac71c;WTB
14/09/2026 16:06:51;7198290247;Completed;0349062748;0385344178;C;RATSARAZAKA;0;wallettobank;2800000;250501704;253301704;a6b1c623-375b-46a3-a678-22aaddc9bfb0;WTB
14/09/2026 16:07:03;7198344707;Completed;0382250447;0385344178;C;RAZAFINDRANAIVO;0;wallettobank;40000;253301704;253341704;0d180f7f-07a5-4258-814b-a97991f2075b;WTB
14/09/2026 13:04:15;7186292504;Completed;0346364280;0385344178;C;zarasoa;0;wallettobank;630000;638351399;638981399;e708a765-262f-4bcd-b7e8-85b735e45cdb;WTB
14/09/2026 14:25:11;7191167626;Completed;0348594893;0385344178;C;SOAVAHANGY;0;wallettobank;60000;655113619;655173619;fdacd755-b6f8-41d2-b912-5eee73c6a939;WTB
14/09/2026 14:25:17;7191187053;Completed;0385614396;0385344178;C;RABARY;0;wallettobank;182000;655173619;655355619;dde6a16e-317d-4ad3-93eb-32da3054ca63;WTB
14/09/2026 14:25:26;7191189906;Completed;0388625823;0385344178;C;JOSE MICHEL;0;wallettobank;200;655355619;655355819;0b09121f-cba6-4424-97a1-765ecb093628;WTB
14/09/2026 13:08:29;7186590530;Completed;0389624929;0385344178;C;HONORE;0;wallettobank;9200;638981399;638990599;80f61010-dcef-4277-8a06-fb63a3a6889f;WTB
14/09/2026 14:26:45;7191270436;Completed;0343716814;0385344178;C;RATSIMBA;0;wallettobank;25000;655355819;655380819;0513938b-adf3-4018-b926-b4f77745dac7;WTB
14/09/2026 13:09:46;7186665405;Completed;0340969016;0385344178;C;RANDRIAMISAINA;0;wallettobank;1761000;638990599;640751599;51db2775-3932-4769-be04-1938e13bdf1f;WTB
14/09/2026 16:08:22;7198450683;Completed;0348895654;0385344178;C;SOAMANIVO;0;wallettobank;1700000;253341704;255041704;5d667316-9644-463e-a883-ba2a44e9e269;WTB
14/09/2026 16:08:30;7198434368;Completed;0384092024;0385344178;C;ROBIJAONA;0;wallettobank;100000;255041704;255141704;54c8a94c-badc-4d91-bd20-93a5792acc07;WTB
14/09/2026 15:04:21;7193703322;Completed;0346819597;0385344178;C;FIDIARIVOLA MBOLAMANANA;0;wallettobank;292000;664432819;664724819;8f5f81aa-e3a6-41b8-9aff-f2b06709391c;WTB
14/09/2026 13:14:49;7186930613;Completed;0341679277;0385344178;C;rasamoelina;0;wallettobank;3956000;640751599;644707599;cc8c5f02-9d83-4954-97f8-ee716261599f;WTB
14/09/2026 14:29:27;7191460154;Completed;0349044788;0385344178;C;RASOARIMALALA;0;wallettobank;440000;655380819;655820819;007b99a4-3223-48ec-9fa0-c9219ab07213;WTB
14/09/2026 14:29:31;7191434238;Completed;0340656746;0385344178;C;Mamy Nambinina;0;wallettobank;30000;655820819;655850819;ab090b47-1588-4748-8e30-30a655a86865;WTB
14/09/2026 14:29:40;7191430646;Completed;0345976959;0385344178;C;RAMAMIARISOA;0;wallettobank;830000;655850819;656680819;52cb959d-c88d-478b-bf16-cb8d8a556641;WTB
14/09/2026 13:20:36;7187280677;Completed;0342021073;0385344178;C;RABERTINE;0;wallettobank;747500;645170199;645917699;df223dfa-16e0-44d7-b3ba-72bf2bcc7e87;WTB
14/09/2026 13:18:53;7187207317;Completed;0346542313;0385344178;C;RAZANAMIADANA;0;wallettobank;13000;644707599;644720599;09c39d6d-a8e1-42e8-8088-b7983d87bdce;WTB
14/09/2026 15:53:24;7197214272;Completed;0340419551;0385344178;C;RAZAFINJOHARY;0;wallettobank;50000;247857862;247907862;fc8bc53d-c881-47cf-a9ed-2d895e34660f;WTB
14/09/2026 14:31:27;7191552191;Completed;0340419551;0385344178;C;RAZAFINJOHARY;0;wallettobank;290000;656680819;656970819;e67cf093-d50b-4c2e-9ad8-7ec9c62c0adb;WTB
14/09/2026 13:19:42;7187225604;Completed;0343725293;0385344178;C;RALISON;0;wallettobank;235600;644720599;644956199;451c3749-8e3a-4b1f-ba67-a1b8f731c63d;WTB
14/09/2026 13:19:46;7187243037;Completed;0386459130;0385344178;C;RAHARINIRINA;0;wallettobank;214000;644956199;645170199;64cb26ca-070d-4bd7-a6fb-f26bb9b4a096;WTB
14/09/2026 14:32:38;7191631954;Completed;0387807834;0385344178;C;TOJONIRINA;0;wallettobank;600000;656970819;657570819;10d577a9-c901-4260-92b4-bfa305bc54bd;WTB
14/09/2026 14:34:06;7191720733;Completed;0387326297;0385344178;C;Raveloharisoa;0;wallettobank;53000;657570819;657623819;68cf1b42-b460-4f13-8723-e08a336aeb28;WTB
14/09/2026 13:25:52;7187638890;Completed;0389706802;0385344178;C;RASANDRATRINIAVO;0;wallettobank;68000;645917699;645985699;56f8ed9b-4bfc-44d2-99d3-323f6cda77b3;WTB
14/09/2026 18:15:47;7208660851;Completed;0386658024;0385344178;C;Elgine;0;wallettobank;315000;281393544;281708544;8d4e86c6-a8a1-4058-b3f7-aca94932214b;WTB
14/09/2026 14:35:31;7191838908;Completed;0386685781;0385344178;C;RANDRIATIANA;0;wallettobank;439000;657623819;658062819;0240a3af-49c6-463d-b027-c818e8fe939c;WTB
14/09/2026 13:29:08;7187829519;Completed;0386635973;0385344178;C;RAKOTOMANGA;0;wallettobank;240000;645985699;646225699;6fc9146d-b749-4a6c-b28d-46dd70c517da;WTB
14/09/2026 14:36:17;7191870505;Completed;0341334423;0385344178;C;RANDRIANJAFY;0;wallettobank;176500;658062819;658239319;605699b6-1ef8-4cf9-886b-e08b6fca2451;WTB
14/09/2026 13:31:20;7187960082;Completed;0384054809;0385344178;C;HAJARAMAMPIONONA;0;wallettobank;60000;646225699;646285699;c36e74dd-6b7e-4375-8909-9a86db25417a;WTB
14/09/2026 13:32:42;7188042515;Completed;0383043019;0385344178;C;Razafimahatratra;0;wallettobank;280000;646285699;646565699;7816d388-d1e6-4440-adbf-c56338583e08;WTB
14/09/2026 13:33:28;7188072001;Completed;0343683506;0385344178;C;randriatsimialona;0;wallettobank;1215000;646565699;647780699;e591ec34-1dcc-4df4-b9df-de83e26a6ffb;WTB
14/09/2026 18:16:19;7208708637;Completed;0387249552;0385344178;C;SOATSARA;0;wallettobank;327000;281708544;282035544;5c1df431-7837-4cd1-8a49-a327982bb8a6;WTB
14/09/2026 13:34:14;7188129554;Completed;0385351467;0385344178;C;RAHANDRINIAINA;0;wallettobank;606000;647780699;648386699;7f79b7bf-ff37-4592-9b10-877ab34d57a4;WTB
14/09/2026 14:38:11;7192019383;Completed;0341387552;0385344178;C;RABAKOVELO;0;wallettobank;250000;658239319;658489319;e4eea269-b5c4-4350-95cc-1b1db4d6aa6d;WTB
14/09/2026 13:35:17;7188200354;Completed;0380818344;0385344178;C;RAFENOMANANTSOA;0;wallettobank;500300;648386699;648886999;1ff24e13-f094-48d5-bf2e-dbecd165a248;WTB
14/09/2026 16:11:52;7198725275;Completed;0343325849;0385344178;C;flazie;0;wallettobank;187000;255141704;255328704;5597f755-d18e-4382-bee0-7b16cb6176e3;WTB
14/09/2026 14:39:01;7192066585;Completed;0384191082;0385344178;C;RAMBELOSON;0;wallettobank;6000;658489319;658495319;7d69587e-3a37-4a95-ab90-3b21bdf0982d;WTB
14/09/2026 13:37:00;7188278023;Completed;0348020926;0385344178;C;razafinirina;0;wallettobank;50000;648886999;648936999;81395344-dff1-4752-ba83-a094abe4dd03;WTB
14/09/2026 16:12:10;7198781835;Completed;0347288614;0385344178;C;Zandrimanana;0;wallettobank;95000;250728704;250823704;fa424353-b9f1-4d43-ae25-d34cd3a04004;WTB
14/09/2026 15:06:47;7193885413;Completed;0383021881;0385344178;C;Raharisoa;0;wallettobank;2901000;665204819;668105819;1762c403-c1ac-4262-abba-be5bc706ac23;WTB
14/09/2026 13:40:37;7188475499;Completed;0342622324;0385344178;C;rakotomanga;0;wallettobank;150000;648936999;649086999;74f3a48b-848c-4f02-8d8c-fa40e84b3828;WTB
14/09/2026 16:12:47;7198814349;Completed;0381089016;0385344178;C;FIYIAVANJANAHARY;0;wallettobank;20000;250823704;250843704;4641946a-9a8b-4717-9aaa-4b4efc1c0e34;WTB
14/09/2026 14:41:59;7192247302;Completed;0343370694;0385344178;C;Ranjevason;0;wallettobank;246500;658495319;658741819;6344ddb7-284b-4cd7-b668-697c9d0abd96;WTB
14/09/2026 13:44:31;7188728083;Completed;0348207681;0385344178;C;LALAONIRINA;0;wallettobank;745000;649086999;649831999;80390d7b-cad4-42c9-b1df-0474a46af49c;WTB
14/09/2026 13:47:42;7188883926;Completed;0382690725;0385344178;C;RAZAFIARINAIVO;0;wallettobank;1000;649831999;649832999;c4b29f1a-e559-478f-b1ad-f08b7641b007;WTB
14/09/2026 13:48:26;7188919308;Completed;0388336732;0385344178;C;RAHARISOA;0;wallettobank;123000;649832999;649955999;77a8d331-dbcd-4ff2-8d4e-bad6a22a29ef;WTB
14/09/2026 13:49:12;7188983194;Completed;0382846334;0385344178;C;RANDRIARIMALALA;0;wallettobank;60000;649955999;650015999;915765ef-5d66-4f2f-a810-ded71d8bb2ea;WTB
14/09/2026 16:13:53;7198916761;Completed;0381089016;0385344178;C;FIYIAVANJANAHARY;0;wallettobank;5000;250843704;250848704;c71c5422-a53a-41bb-a4cc-ec501c301e25;WTB
14/09/2026 13:50:28;7189088654;Completed;0341905677;0385344178;C;ANDRIAMALALA;0;wallettobank;4000;650015999;650019999;43eb2ce9-c732-47cc-abfa-2097a583b3cd;WTB
14/09/2026 13:51:04;7189091360;Completed;0381229307;0385344178;C;RANDRIAMANANTENA;0;wallettobank;100000;650019999;650119999;a79e54ef-0cce-4733-98a8-15b75ae8235b;WTB
14/09/2026 13:51:17;7189113307;Completed;0340912367;0385344178;C;ANDRIANTSIFERANA;0;wallettobank;130000;650119999;650249999;327b5edf-cf67-478b-808f-1554351c3713;WTB
14/09/2026 13:52:33;7189201814;Completed;0346262314;0385344178;C;RANDRIANJAKAMANANA JEAN MICHEL;0;wallettobank;5200;650249999;650255199;1c8d266f-a70a-43e0-ac22-f2160cf9e40d;WTB
14/09/2026 14:45:51;7192511971;Completed;0384233978;0385344178;C;Ramaromanana;0;wallettobank;2000;658741819;658743819;106eac39-9f6f-45da-8c06-7d1e26677b7c;WTB
14/09/2026 14:46:31;7192523721;Completed;0384917267;0385344178;C;FATIMA DINI;0;wallettobank;209000;658743819;658952819;edabc00a-3c6b-45c1-b53d-81282f8c70dd;WTB
14/09/2026 13:56:27;7189415220;Completed;0347017013;0385344178;C;RANDRIAMAROSELY;0;wallettobank;400000;650255199;650655199;4f23ac13-33a9-47df-8120-a7ab183565e3;WTB
14/09/2026 14:47:31;7192612238;Completed;0343578677;0385344178;C;Rakotozafy;0;wallettobank;939000;658952819;659891819;ba7ce8ca-1267-4e3d-a6f0-cccb3f9d0c7c;WTB
14/09/2026 13:57:51;7189491877;Completed;0388325538;0385344178;C;ERINJAKA;0;wallettobank;131000;650655199;650786199;ad214572-c87d-4115-b052-ee509f05dac3;WTB
14/09/2026 16:15:39;7199076221;Completed;0348688992;0385344178;C;NOROHASINA;0;wallettobank;379600;250848704;251228304;668a1747-302f-4b30-bd55-cf5ba42128da;WTB
14/09/2026 13:59:49;7189627866;Completed;0384585200;0385344178;C;RAZAIARIVONY;0;wallettobank;10000;650786199;650796199;25dbd72c-a735-4122-89ac-567e9730e1f8;WTB
14/09/2026 18:18:59;7208881157;Completed;0344611748;0385344178;C;Chelestine;0;wallettobank;100000;282035544;282135544;b347c243-1a9f-4d62-9ba8-f5132f45737e;WTB
14/09/2026 14:52:01;7192911081;Completed;0346049694;0385344178;C;FETY;0;wallettobank;204000;659891819;660095819;0a43bf72-02ae-4fc9-b292-ace7f1e9a191;WTB
14/09/2026 16:18:31;7199334348;Completed;0380830995;0385344178;C;RATSIMBAZAFY;0;wallettobank;340000;251228304;251568304;e4ef2df3-994a-4777-b376-d9eb6b2577ab;WTB
14/09/2026 14:56:58;7193213377;Completed;0341754929;0385344178;C;Raminosoa;0;wallettobank;860000;661092819;661952819;50c0bdcf-3c1d-44df-9e99-e17f3a390751;WTB
14/09/2026 14:56:54;7193238614;Completed;0383276154;0385344178;C;RASOAMALALA;0;wallettobank;997000;660095819;661092819;b9313d41-f796-424e-9581-415fd1aae070;WTB
14/09/2026 14:57:39;7193271705;Completed;0388070710;0385344178;C;RAMAROLAHY;0;wallettobank;370000;661952819;662322819;8319e5c2-797c-4435-8a17-dd86ad7fb619;WTB
14/09/2026 14:57:46;7193253083;Completed;0342260294;0385344178;C;Rasandiarivelo;0;wallettobank;15000;662322819;662337819;a7e8a1be-e6c3-4961-828b-56f4d51a177f;WTB
14/09/2026 15:00:44;7193460813;Completed;0380662275;0385344178;C;FALIMANANA VOLATIANA;0;wallettobank;105000;662337819;662442819;51366dde-0e85-4e39-b851-e23f0148a7e4;WTB
14/09/2026 18:21:09;7209044909;Completed;0340859774;0385344178;C;VOLOLONIRINA;0;wallettobank;45000;282135544;282180544;e3fb4617-018a-4091-8612-e9f114fc5bc1;WTB
14/09/2026 18:21:11;7209050390;Completed;0341541628;0385344178;C;ANDRIAMIHAJAHARIVELO;0;wallettobank;310000;282180544;282490544;62373336-00fe-41c2-b208-66e980d28b1c;WTB
14/09/2026 15:02:11;7193579029;Completed;0345755657;0385344178;C;Razafiharisoa;0;wallettobank;300000;662442819;662742819;64e22b55-f0d4-4174-9cf9-77207b08f55a;WTB
14/09/2026 19:47:26;7214062113;Completed;0349823902;0385344178;C;ANDRIANANTENAINA;0;wallettobank;900;298204375;298205275;0a3e71e5-a349-41e9-8611-1a8364e44b4d;WTB
14/09/2026 15:02:27;7193584200;Completed;0346210184;0385344178;C;raveloson;0;wallettobank;1460000;662742819;664202819;888033a4-3062-4d71-ba68-768ee8eafc72;WTB
14/09/2026 18:21:30;7209084396;Completed;0381021007;0385344178;C;RANDRIANJAFY;0;wallettobank;10500;282490544;282501044;ac033b66-586a-40d2-b42f-3f7121431192;WTB
14/09/2026 15:03:20;7193652694;Completed;0348629540;0385344178;C;RAKOTOMIARANA;0;wallettobank;230000;664202819;664432819;a2e6c94d-1d0d-4d0e-b7f0-243b2c95b8db;WTB
14/09/2026 15:04:49;7193747404;Completed;0343107513;0385344178;C;rasoavelonera;0;wallettobank;85000;664724819;664809819;bf721051-ee25-4de6-836e-c2ce7aa91f0f;WTB
14/09/2026 16:21:33;7199585203;Completed;0347847698;0385344178;C;RAKOTOZAFY;0;wallettobank;240000;251568304;251808304;e7d21d00-9f71-4403-a3fe-fcc152f9a479;WTB
14/09/2026 15:06:45;7193884174;Completed;0345042121;0385344178;C;RAKOTOMANANA;0;wallettobank;395000;664809819;665204819;c6138bb6-2e14-42df-b262-9ef4e3cd82e4;WTB
14/09/2026 18:22:18;7209129257;Completed;0344411641;0385344178;C;OLY VERO;0;wallettobank;3000;282501044;282504044;4c151bb7-b41d-4acb-af4a-b31c68a432cb;WTB
14/09/2026 15:07:29;7193900460;Completed;0346210184;0385344178;C;raveloson;0;wallettobank;2000;668105819;668107819;69b9069f-de4d-456b-899d-fb61f99df54d;WTB
14/09/2026 15:08:55;7194023341;Completed;0345913362;0385344178;C;JOSLIN;0;wallettobank;804519;668107819;668912338;f00f3924-8062-47ad-8112-7ebaf812ffcd;WTB
14/09/2026 16:22:42;7199680826;Completed;0383448535;0385344178;C;RAKOTOMALALA;0;wallettobank;390000;251808304;252198304;487733c6-abf8-48ba-b983-cbe00eef11c6;WTB
14/09/2026 18:23:14;7209184253;Completed;0341317242;0385344178;C;rabemananjara;0;wallettobank;220000;282504044;282724044;f7b3be78-c5f1-4ab6-bc7f-bbec421e80a4;WTB
14/09/2026 15:12:25;7194243114;Completed;0383652692;0385344178;C;Ranivoarimanana;0;wallettobank;473000;668912338;669385338;65cbe33d-f1a0-430a-9018-27a03bbc1340;WTB
14/09/2026 16:25:20;7199866535;Completed;0349061835;0385344178;C;SAMELINE;0;wallettobank;190000;252198304;252388304;27195368-65fc-4688-b7f2-50fc4f0ab541;WTB
14/09/2026 15:15:35;7194440238;Completed;0345483923;0385344178;C;Raherinirina;0;wallettobank;243000;669385338;669628338;f24e2775-ba8c-49b9-aa81-a8be1bf9e98f;WTB
14/09/2026 16:25:48;7199910171;Completed;0382902596;0385344178;C;RAHARIJAONA;0;wallettobank;2000000;252388304;254388304;9c969116-d5f9-41d2-ba4a-75ae42bc60f8;WTB
14/09/2026 15:16:14;7194491981;Completed;0349836599;0385344178;C;RAKOTOSON;0;wallettobank;100;669628338;669628438;2bdfdd79-c6b2-4dc4-8430-1abc6f5a96d9;WTB
14/09/2026 16:26:11;7199941923;Completed;0341637729;0385344178;C;TOVONIAINA;0;wallettobank;60000;254388304;254448304;a2da8c08-4777-41e3-8228-2cde577a7a97;WTB
14/09/2026 15:17:47;7194596780;Completed;0349836599;0385344178;C;RAKOTOSON;0;wallettobank;50000;669628438;669678438;c4aec2c1-d8e6-4731-83b4-0af4b798a0ee;WTB
14/09/2026 15:18:01;7194618473;Completed;0343482503;0385344178;C;ZAFITININA;0;wallettobank;100400;669678438;669778838;ebe96d68-57ae-4fd5-9916-0307413e6ddd;WTB
14/09/2026 18:25:27;7209359599;Completed;0389818410;0385344178;C;ANDRIAMANALINARIVO;0;wallettobank;432000;282724044;283156044;d4832a53-afd9-465b-bf2d-13a20faa2828;WTB
14/09/2026 15:22:54;7194948727;Completed;0346467850;0385344178;C;RANDRIANARIVONY;0;wallettobank;100000;669778838;669878838;3284b866-1e6b-4989-a7f2-fcbfd98223fc;WTB
14/09/2026 15:24:52;7195071954;Completed;0345919646;0385344178;C;Ramanantsoa;0;wallettobank;690000;669878838;670568838;dadd7fca-a659-4b46-8b3f-ede81188564e;WTB
14/09/2026 15:26:16;7195183272;Completed;0388293891;0385344178;C;RAHARIMANANA;0;wallettobank;10000;670568838;670578838;c1c24438-bd3f-49bf-9a3f-3677171fde9d;WTB
14/09/2026 15:26:29;7195203837;Completed;0384262639;0385344178;C;RALAISOA;0;wallettobank;50000;670578838;670628838;84bdf8eb-f0a9-4207-a874-9156a8e0362e;WTB
14/09/2026 15:27:15;7195261380;Completed;0341387552;0385344178;C;RABAKOVELO;0;wallettobank;77000;670628838;670705838;159e82a1-4011-4e36-b0a5-2e41eca7a507;WTB
14/09/2026 16:30:45;7200310685;Completed;0345262262;0385344178;C;Ramampihaja;0;wallettobank;4000;254448304;254452304;a17c92c2-cd1a-4953-b9f9-b6250a33d2e7;WTB
14/09/2026 15:30:14;7195444344;Completed;0384041888;0385344178;C;RASOARIMALALA;0;wallettobank;123400;240705838;240829238;10849567-6e49-47d2-a915-b2156f1e13df;WTB
14/09/2026 15:31:11;7195545278;Completed;0385196224;0385344178;C;ANJARASOA;0;wallettobank;1370000;240829238;242199238;953ce39b-77bd-48d4-a00e-898eb341b78d;WTB
14/09/2026 15:33:30;7195702929;Completed;0344445547;0385344178;C;Ralalainanirina;0;wallettobank;3000;242199238;242202238;97d9f5f0-7eba-422c-9de7-0c8baa75c1e0;WTB
14/09/2026 16:33:48;7200544049;Completed;0380247355;0385344178;C;RASIDISON;0;wallettobank;205000;254452304;254657304;66f46f21-59a6-418d-ab84-8f013fe04f54;WTB
14/09/2026 16:33:52;7200586923;Completed;0382803045;0385344178;C;DAMY;0;wallettobank;170600;254657304;254827904;9a6660be-f17b-4a4c-9121-434c2a28d01e;WTB
14/09/2026 16:33:56;7200552790;Completed;0341390069;0385344178;C;raharivelo;0;wallettobank;150000;254827904;254977904;b533e171-88f5-4ea0-8c06-2c626103da13;WTB
14/09/2026 15:36:07;7195912790;Completed;0385595306;0385344178;C;RASOAFANIRY;0;wallettobank;258500;242202238;242460738;4cf6157f-59b2-4fe9-84d7-a24ccfef8b87;WTB
14/09/2026 15:37:20;7195987192;Completed;0381015723;0385344178;C;RATOMPOARISOA;0;wallettobank;150000;242460738;242610738;830f8d01-740e-44db-b99e-23accce075cc;WTB
14/09/2026 16:34:46;7200632725;Completed;0343752311;0385344178;C;niriarimalala;0;wallettobank;140000;254977904;255117904;4cb2434a-917c-466a-9a8a-2b42b495db07;WTB
14/09/2026 18:28:41;7209588592;Completed;0343243712;0385344178;C;Andriantsoa;0;wallettobank;1300000;283156044;284456044;b433aa14-95b4-4165-aed0-01a4923536a6;WTB
14/09/2026 15:38:01;7196054678;Completed;0342112139;0385344178;C;Rakotosamimanana;0;wallettobank;730000;242610738;243340738;40c8d6fc-d24b-4581-b874-f1e217580b38;WTB
14/09/2026 15:38:20;7196048691;Completed;0388093006;0385344178;C;ANDRIALALAINA;0;wallettobank;250000;243340738;243590738;e2b33506-e36b-4d72-aea1-ff16dc35b4f2;WTB
14/09/2026 15:38:50;7196094382;Completed;0347131608;0385344178;C;randriatongazady;0;wallettobank;350000;243590738;243940738;eb466f59-c1b9-475b-8b1e-9916121fef65;WTB
14/09/2026 18:28:57;7209609538;Completed;0349476533;0385344178;C;RANDRIANAIVO ANTOINE;0;wallettobank;7500;284456044;284463544;73ce2528-1f5a-4e98-86a8-aab6a65a65f1;WTB
14/09/2026 15:39:31;7196155048;Completed;0347464400;0385344178;C;ravelomanantsoa;0;wallettobank;412000;243940738;244352738;2ffb2aab-cc94-4d12-9994-8e52ea8527b4;WTB
14/09/2026 15:39:59;7196193298;Completed;0387823515;0385344178;C;Ramanjatinarivony;0;wallettobank;200000;245252738;245452738;335ec5b1-01a0-48a4-bf20-0b06cd58a2f6;WTB
14/09/2026 18:29:55;7209706808;Completed;0349921757;0385344178;C;HERISOA RADO;0;wallettobank;1000000;284463544;285463544;648a2172-b444-48fa-9e11-effb0f644aed;WTB
14/09/2026 15:45:36;7196650573;Completed;0388625823;0385344178;C;JOSE MICHEL;0;wallettobank;2000;245452738;245454738;0a25b9db-329a-476f-a196-a4ff81f475e7;WTB
14/09/2026 15:47:35;7196793794;Completed;0385146143;0385344178;C;Ratodiarivo;0;wallettobank;75000;245454738;245529738;8ed4287f-cd62-4b77-aadc-d33349a7b44f;WTB
14/09/2026 16:39:11;7200993248;Completed;0343107513;0385344178;C;rasoavelonera;0;wallettobank;138000;255117904;255255904;e1e9c5ed-57ed-4a92-979f-278914748df0;WTB
14/09/2026 15:49:06;7196899186;Completed;0343425300;0385344178;C;Rakotoarimanana;0;wallettobank;181400;245529738;245711138;bfb2fd9c-dd65-4273-af80-92885a3546bf;WTB
14/09/2026 15:49:29;7196953035;Completed;0384650185;0385344178;C;ANDO;0;wallettobank;182000;245711138;245893138;3be233d2-8e25-4f28-bbb2-51b819d15113;WTB
14/09/2026 15:49:55;7196959314;Completed;0343683525;0385344178;C;Elinah;0;wallettobank;350000;245893138;246243138;648303bc-711f-47bb-b4ab-ca4166bfd590;WTB
14/09/2026 15:50:57;7197012787;Completed;0348874765;0385344178;C;Tsiromanana;0;wallettobank;623000;246243138;246866138;89029fe5-cfaf-4182-bcf3-1415b1bf4b37;WTB
14/09/2026 16:40:25;7201068932;Completed;0340499795;0385344178;C;rasoanaivo;0;wallettobank;70000;255255904;255325904;ae3e055c-5244-4b46-b496-a1d39294f7c6;WTB
14/09/2026 15:51:45;7197111968;Completed;0347363154;0385344178;C;SOATODY;0;wallettobank;615000;246866138;247481138;799eb168-e8d4-4af4-8292-1c235bcf1633;WTB
14/09/2026 15:52:55;7197195595;Completed;0381875435;0385344178;C;RAMAROLAFY;0;wallettobank;164724;247481138;247645862;6d891c0e-dc36-48b7-9a5d-6ccdcd3e0025;WTB
14/09/2026 15:53:18;7197203351;Completed;0349060548;0385344178;C;RAKOTOMANANERA;0;wallettobank;200000;247645862;247845862;809b8e78-7844-496c-9800-310209fba672;WTB
14/09/2026 15:53:22;7197219739;Completed;0380735261;0385344178;C;Rakotomandimby;0;wallettobank;12000;247845862;247857862;35251c9e-4b5f-4b91-abaf-8f062d9fe9ee;WTB
14/09/2026 15:56:30;7197484972;Completed;0388625823;0385344178;C;JOSE MICHEL;0;wallettobank;4400;247907862;247912262;5ab3b8da-1709-47d4-8ae7-7ce8ba85972d;WTB
14/09/2026 16:41:13;7201139182;Completed;0383871619;0385344178;C;RAKOTONIRINA;0;wallettobank;30000;255325904;255355904;772a2b60-8e63-4322-a0fb-ef2a515fbc0c;WTB
14/09/2026 18:34:18;7209974822;Completed;0345355634;0385344178;C;ADRIEN;0;wallettobank;1170000;285463544;286633544;f6f08117-a1c9-42fa-9efb-3c52aac04c6d;WTB
14/09/2026 16:42:52;7201288480;Completed;0347595073;0385344178;C;ANGIMANANA;0;wallettobank;70000;255355904;255425904;9ef6bdc9-c5ab-43cd-9177-dae6ca8f0d41;WTB
14/09/2026 18:35:28;7210080954;Completed;0385950025;0385344178;C;RAVONIERIMALALA;0;wallettobank;100000;286633544;286733544;0119c8f8-bd5b-48e0-a3b2-4ee5da68a1dd;WTB
14/09/2026 16:43:54;7201356334;Completed;0387507885;0385344178;C;RAZAFIMAHALEO;0;wallettobank;1000000;255425904;256425904;cb1e72c7-8609-4e44-9a3d-887c870fe21c;WTB
14/09/2026 16:45:34;7201501058;Completed;0349843771;0385344178;C;RAHANTARINIVO;0;wallettobank;5100;256425904;256431004;9e3071d9-07bb-4dba-a645-c34c43a18b67;WTB
14/09/2026 16:45:35;7201519908;Completed;0348142950;0385344178;C;Rajaonarison;0;wallettobank;380000;256431004;256811004;a24842bc-48b3-499a-b8a8-1d03bae7e230;WTB
14/09/2026 16:46:28;7201555531;Completed;0345465566;0385344178;C;Raharimalala;0;wallettobank;23000;256811004;256834004;30c51fff-0f48-4140-8bbd-d0e4159ac6b8;WTB
14/09/2026 18:37:18;7210191791;Completed;0347665761;0385344178;C;RAZAFINANTENAINA;0;wallettobank;65000;286733544;286798544;1ee853cf-be11-4a17-b706-1c5ad7bf4d01;WTB
14/09/2026 16:47:25;7201634460;Completed;0387230463;0385344178;C;VICKY DALLY;0;wallettobank;294500;256834004;257128504;b7210fac-370c-473a-acbc-080e378e4479;WTB
14/09/2026 16:47:48;7201682289;Completed;0346228406;0385344178;C;Ravelonjatovo;0;wallettobank;1610000;257128504;258738504;73736df4-b339-4113-b3d7-fff51abffe89;WTB
14/09/2026 18:38:09;7210256054;Completed;0384928999;0385344178;C;RAZAFIMANDIMBY;0;wallettobank;744931;286798544;287543475;f5eb67b4-c193-4e1e-a900-7591a55e8a8e;WTB
14/09/2026 16:49:29;7201822701;Completed;0343826907;0385344178;C;RANDRIANANTENAINA;0;wallettobank;82000;258738504;258820504;bf623b28-85ad-4c7b-a118-357be17c13e0;WTB
14/09/2026 18:38:54;7210326395;Completed;0341613536;0385344178;C;ANDRIAMAMPIONONA;0;wallettobank;45000;287543475;287588475;31d4b375-4dbe-44bb-af10-2c8a5ed0a269;WTB
14/09/2026 16:50:12;7201891610;Completed;0389607111;0385344178;C;Rakotonirina;0;wallettobank;300000;258820504;259120504;b8479e24-0e11-436b-bfc2-06816f165148;WTB
14/09/2026 16:51:25;7201974464;Completed;0344528560;0385344178;C;VONIFANJA;0;wallettobank;1080000;259120504;260200504;cffb649a-55c8-46aa-a0f3-06ad9e642f5b;WTB
14/09/2026 16:51:52;7201986687;Completed;0348763955;0385344178;C;Razanadrakoto;0;wallettobank;370000;260200504;260570504;37609784-fdc6-4982-b6e0-7ee158318da4;WTB
14/09/2026 18:40:13;7210408764;Completed;0341613536;0385344178;C;ANDRIAMAMPIONONA;0;wallettobank;350000;287588475;287938475;d6ba3a8c-91a7-40d8-9975-1767b023c1b3;WTB
14/09/2026 16:53:28;7202126152;Completed;0386249926;0385344178;C;RAVAONIRINA;0;wallettobank;30000;260570504;260600504;74bcb2c0-3f65-4ed5-847e-c8da0d6a8547;WTB
14/09/2026 16:53:37;7202171126;Completed;0383492778;0385344178;C;Raharitahina;0;wallettobank;200000;260600504;260800504;827ce59f-d361-4fb9-b2df-3acd33741a00;WTB
14/09/2026 16:53:44;7202160004;Completed;0348402131;0385344178;C;Nomenjanahary;0;wallettobank;10000;260800504;260810504;4eb8f63e-b91b-4dd3-93fd-5e90d8b0ca94;WTB
14/09/2026 16:54:09;7202212138;Completed;0343610758;0385344178;C;ramiarantsoaravelo;0;wallettobank;730000;260810504;261540504;623ec4aa-0ec7-46a1-b7ba-a78e743884b8;WTB
14/09/2026 16:54:15;7202198803;Completed;0344528560;0385344178;C;VONIFANJA;0;wallettobank;407000;261540504;261947504;8040f58c-e63f-421e-9d12-4bda41b4ff28;WTB
14/09/2026 18:41:56;7210534529;Completed;0386101094;0385344178;C;RAHELIARISOA;0;wallettobank;280000;287938475;288218475;2d28701d-c8d1-45f0-9e32-010c28c82611;WTB
14/09/2026 16:55:30;7202324771;Completed;0389658036;0385344178;C;ANDRIAMANOHISOA MAMINANDRIANINA SEDRA FINOANA;0;wallettobank;285000;261947504;262232504;1c0b2661-9338-4e5f-b1eb-4270b4329af3;WTB
14/09/2026 18:42:20;7210502057;Completed;0344194499;0385344178;C;RAKOTOARISOLO;0;wallettobank;965000;288218475;289183475;52942419-6b9e-4097-bcc6-9a004d90b946;WTB
14/09/2026 16:56:05;7202365604;Completed;0385950159;0385344178;C;RAVELOMALAZA;0;wallettobank;245000;262232504;262477504;5bc059d8-18ac-4482-ae00-a216598faa17;WTB
14/09/2026 16:59:22;7202621067;Completed;0387655319;0385344178;C;HOAREAU;0;wallettobank;440000;264137504;264577504;a3f79e45-1c6a-4959-b87a-cedccde73f8a;WTB
14/09/2026 16:59:15;7202614263;Completed;0385532409;0385344178;C;TITA MICKAEL;0;wallettobank;1660000;262477504;264137504;8c994365-7b39-4caf-8c23-3b1413d98390;WTB
14/09/2026 17:01:47;7202807583;Completed;0346728572;0385344178;C;RAFARAMANANTSOA;0;wallettobank;520000;264577504;265097504;8cf6b683-6702-46a8-9d3a-f5e5dba8d590;WTB
14/09/2026 17:03:29;7202988033;Completed;0346241522;0385344178;C;Rakotomavo;0;wallettobank;313000;265097504;265410504;5ad4dacf-9f09-44a6-9962-c60e3ac6ca9b;WTB
14/09/2026 18:47:51;7210898960;Completed;0340651959;0385344178;C;Razafindratsila;0;wallettobank;20000;289183475;289203475;ebd58362-90ba-4b1b-9d08-6e5bec0acacb;WTB
14/09/2026 17:04:13;7203063184;Completed;0347411047;0385344178;C;RAZAFINDRASAMY;0;wallettobank;230000;265410504;265640504;7444ddc0-dafd-444c-a1cd-a201fc308932;WTB
14/09/2026 17:06:34;7203271522;Completed;0348191233;0385344178;C;RAZAFINJATO;0;wallettobank;3000;265640504;265643504;00bd5beb-ca59-42b6-af7b-b3bf364a03d0;WTB
14/09/2026 17:07:33;7203355925;Completed;0349618360;0385344178;C;safidinirina;0;wallettobank;150000;265643504;265793504;ce55ab86-6de8-44c5-9cc4-9e747ba99b6d;WTB
14/09/2026 18:51:47;7211156511;Completed;0347208316;0385344178;C;RABEZAFY;0;wallettobank;301900;289203475;289505375;8b28f6b8-414e-4b91-b0d3-021189629a84;WTB
14/09/2026 18:52:45;7211188418;Completed;0347208316;0385344178;C;RABEZAFY;0;wallettobank;88500;289505375;289593875;f87b5c5a-f1d0-4844-8ffb-176b971d152b;WTB
14/09/2026 17:09:01;7203493564;Completed;0343752311;0385344178;C;niriarimalala;0;wallettobank;47000;265793504;265840504;e2a9ab02-119e-4700-999a-42631a31a001;WTB
14/09/2026 17:09:04;7203458891;Completed;0340665022;0385344178;C;RABEZANDRY;0;wallettobank;72970;265840504;265913474;19f5c5c7-eb11-4a23-8c92-c552df704b53;WTB
14/09/2026 17:09:11;7203480080;Completed;0346728572;0385344178;C;RAFARAMANANTSOA;0;wallettobank;1500000;265913474;267413474;77ef642c-9d58-45f9-8763-d4ea4ada558e;WTB
14/09/2026 17:09:24;7203493658;Completed;0349669990;0385344178;C;ANDRIAMAHOLY;0;wallettobank;100000;267413474;267513474;4da56fe1-704d-4da4-a515-f76267792bea;WTB
14/09/2026 17:10:44;7203611701;Completed;0340920179;0385344178;C;Razakasolo;0;wallettobank;104000;267513474;267617474;e5faccb0-22aa-424f-ba51-b3fc59274246;WTB
14/09/2026 17:12:16;7203733680;Completed;0345207054;0385344178;C;RAKOTOMANANA;0;wallettobank;200000;267617474;267817474;55c4df5f-6031-4c4f-b16e-559ef560d06c;WTB
14/09/2026 17:14:31;7203899423;Completed;0349520036;0385344178;C;RAFALIHERINTSOA;0;wallettobank;200000;267817474;268017474;6f854062-09e7-44d2-be1e-9ea41dca9969;WTB
14/09/2026 17:14:51;7203939287;Completed;0388913180;0385344178;C;Nirina;0;wallettobank;100000;268017474;268117474;752d79d2-314b-4756-bf49-73406f5f1475;WTB
14/09/2026 17:14:58;7203949660;Completed;0348172426;0385344178;C;Rasolonirina;0;wallettobank;500000;268117474;268617474;28447841-8811-4525-8bbe-08ea56591113;WTB
14/09/2026 17:15:17;7203960885;Completed;0384010048;0385344178;C;RANARISOA;0;wallettobank;290000;268617474;268907474;0663ca7c-1503-42ba-aa90-bd81713c77ec;WTB
14/09/2026 17:15:51;7204029390;Completed;0346338940;0385344178;C;ANRIAMIRADO;0;wallettobank;400;268907474;268907874;3babdb7a-9171-4d69-b2f9-2c90ffd96138;WTB
14/09/2026 19:00:31;7211678866;Completed;0343462095;0385344178;C;FANOMEZANTSOA;0;wallettobank;40000;289593875;289633875;a389076b-de90-4fe3-947d-307573bbae49;WTB
14/09/2026 17:17:39;7204181467;Completed;0343734409;0385344178;C;RANAHARISOA SEVERIN PHILIPPE;0;wallettobank;359800;268907874;269267674;d042b3c6-7226-4651-bcf5-ce9d246b13ee;WTB
14/09/2026 17:18:06;7204201789;Completed;0381441647;0385344178;C;Rakotosamimanana;0;wallettobank;8000;269267674;269275674;940e9247-e762-4215-ac3b-525bdf3c021f;WTB
14/09/2026 19:00:58;7211662292;Completed;0343466759;0385344178;C;Randrianoelisoa;0;wallettobank;2020000;289633875;291653875;973d8f12-d7ee-480e-a4bd-3f5b2a686be7;WTB
14/09/2026 17:19:10;7204269970;Completed;0383942497;0385344178;C;Rahantanirina;0;wallettobank;120000;269275674;269395674;bd8171f5-395c-4af6-9918-778678084fec;WTB
14/09/2026 19:03:14;7211821551;Completed;0341239919;0385344178;C;ANDRIAMALALA;0;wallettobank;250000;291653875;291903875;172284b5-9de9-4899-a707-c5b23c32e2fb;WTB
14/09/2026 17:22:43;7204591656;Completed;0343734409;0385344178;C;RANAHARISOA SEVERIN PHILIPPE;0;wallettobank;175000;269765674;269940674;5d7e376f-e951-4f71-b7eb-25812fdbcdc6;WTB
14/09/2026 17:22:43;7204594958;Completed;0381038434;0385344178;C;BIENVENUE;0;wallettobank;370000;269395674;269765674;665f7aba-3531-401b-92d6-24e59a7b766f;WTB
14/09/2026 19:05:19;7211918123;Completed;0341239919;0385344178;C;ANDRIAMALALA;0;wallettobank;130000;291903875;292033875;f01dee03-79e3-4f77-a2d9-2fb7ae7bda0e;WTB
14/09/2026 17:24:40;7204713179;Completed;0389829291;0385344178;C;RAMAHASOANIAINA;0;wallettobank;264000;269940674;270204674;305198dc-ee39-4d86-a2d4-eb802109f519;WTB
14/09/2026 17:24:55;7204756874;Completed;0383089759;0385344178;C;Razakamahefa;0;wallettobank;200000;270204674;270404674;543ea771-0a3a-4f75-a4af-40f30cc278b7;WTB
14/09/2026 19:05:52;7211964075;Completed;0384614188;0385344178;C;RAZANABOAAHARISOA;0;wallettobank;165000;292033875;292198875;3cd59b11-3c5b-4888-ab89-d4aee5e238bf;WTB
14/09/2026 17:26:58;7204913567;Completed;0381441647;0385344178;C;Rakotosamimanana;0;wallettobank;247000;270404674;270651674;0eb0b4c6-3150-49da-b958-b25c243448e0;WTB
14/09/2026 17:27:43;7204942402;Completed;0343734409;0385344178;C;RANAHARISOA SEVERIN PHILIPPE;0;wallettobank;427000;270651674;271078674;2ade05a5-7dca-4683-8e3f-c03f2d496995;WTB
14/09/2026 17:28:56;7205055676;Completed;0380307170;0385344178;C;FANOMEZANTSOA;0;wallettobank;66000;271078674;271144674;8fa29739-4d9f-4510-81e2-b4ab6b7b72f3;WTB
14/09/2026 17:30:30;7205166077;Completed;0343243712;0385344178;C;Andriantsoa;0;wallettobank;295000;271284674;271579674;30d3d275-0654-4f2d-af21-aabb9b1b17c2;WTB
14/09/2026 17:29:29;7205078141;Completed;0384642467;0385344178;C;RAVONIARISOA;0;wallettobank;140000;271144674;271284674;03c8337f-94ad-4116-83ed-b8af6c258638;WTB
14/09/2026 19:10:43;7212263685;Completed;0384614188;0385344178;C;RAZANABOAAHARISOA;0;wallettobank;40000;292198875;292238875;6437c38b-1466-4aa7-af33-dd1f95e6ca40;WTB
14/09/2026 17:31:37;7205253597;Completed;0386956542;0385344178;C;ANDRIAMANANJARASOA;0;wallettobank;235000;271579674;271814674;f33fd5a2-bbcb-466d-98cd-607ed40acdf3;WTB
14/09/2026 17:32:13;7205331742;Completed;0348775912;0385344178;C;RANDIMBIARISON;0;wallettobank;1300000;271814674;273114674;52b06360-c14c-4823-a001-52032f0b22b6;WTB
14/09/2026 19:11:50;7212336035;Completed;0345219984;0385344178;C;natomboarizara;0;wallettobank;455000;292238875;292693875;2b2f2357-9df0-4f48-ae14-1ec2f40822e6;WTB
14/09/2026 17:35:29;7205554699;Completed;0380581935;0385344178;C;RABETOANDRO;0;wallettobank;277000;273114674;273391674;cca110a9-f54b-46e1-95f6-8ddde8469077;WTB
14/09/2026 17:35:31;7205564951;Completed;0383849767;0385344178;C;Nomenjanahary;0;wallettobank;453000;273391674;273844674;a89db965-7b57-401a-b46b-50d19a668a2b;WTB
14/09/2026 19:13:41;7212423362;Completed;0388913180;0385344178;C;Nirina;0;wallettobank;1849500;292693875;294543375;76652d51-88ba-465c-94fa-83f15cfe1fd9;WTB
14/09/2026 17:37:09;7205705160;Completed;0340910929;0385344178;C;RAZAFINJATOVO;0;wallettobank;1763000;273844674;275607674;8df69ce0-e41b-4767-b56b-f263279eb29d;WTB
14/09/2026 19:14:26;7212454056;Completed;0342304913;0385344178;C;RAKOTOMALALA;0;wallettobank;419000;294543375;294962375;f9106b34-9f4d-42a8-83a4-77ff6e71b9e7;WTB
14/09/2026 17:39:07;7205822745;Completed;0340992527;0385344178;C;RAHERIMALALA;0;wallettobank;195000;275607674;275802674;57b5278c-16b6-4378-817f-3723fc427700;WTB
14/09/2026 17:40:48;7206001323;Completed;0342052730;0385344178;C;Ramaroson;0;wallettobank;3000;275802674;275805674;04070c71-9eb7-49ac-b4af-9ef1cf159c4b;WTB
14/09/2026 19:17:15;7212619982;Completed;0380652152;0385344178;C;Hasimbolatiana;0;wallettobank;100000;294962375;295062375;d22a3c9f-27eb-4ed4-b9ab-9d72cbd2ff77;WTB
14/09/2026 17:42:54;7206150974;Completed;0346204454;0385344178;C;Imbe;0;wallettobank;3000;275805674;275808674;b11100da-9d1c-4854-8eea-a0908404108d;WTB
14/09/2026 17:43:21;7206175317;Completed;0340661426;0385344178;C;ANJARAVELO;0;wallettobank;295000;275808674;276103674;01d26556-85a0-4462-8fe0-f0bd49266317;WTB
14/09/2026 17:45:06;7206326606;Completed;0349713838;0385344178;C;RAMANANTENA;0;wallettobank;38000;276103674;276141674;6d15c754-a31e-4037-87ef-80721ea036c4;WTB
14/09/2026 17:45:39;7206363476;Completed;0387496807;0385344178;C;NORCIDE;0;wallettobank;370000;276141674;276511674;bf0c2b72-bd94-47b0-a1be-4415aca0d041;WTB
14/09/2026 19:21:01;7212804675;Completed;0349884452;0385344178;C;RAZAFINDRAKOTO;0;wallettobank;104000;295062375;295166375;97a74d63-7502-43fb-92ed-d0f901b6411a;WTB
14/09/2026 17:46:38;7206430236;Completed;0340145707;0385344178;C;Razafiarisoa;0;wallettobank;107000;276511674;276618674;b475a5af-b32f-42c3-b739-6c8dbe91cf15;WTB
14/09/2026 17:48:05;7206564237;Completed;0344411641;0385344178;C;OLY VERO;0;wallettobank;3000;276618674;276621674;b7c2d0fa-2d87-4f88-8adb-b06ede5d6758;WTB
14/09/2026 17:48:10;7206538963;Completed;0347061302;0385344178;C;ZARA;0;wallettobank;1500;276621674;276623174;0262ffd8-8f94-4b55-add0-8e5e2cb99965;WTB
14/09/2026 17:49:40;7206684005;Completed;0343275911;0385344178;C;ERIKA MURIELLE;0;wallettobank;697700;276623174;277320874;d6b8b0c3-be35-4ad5-bd68-c5829885e38d;WTB
14/09/2026 18:00:38;7207520659;Completed;0340319724;0385344178;C;RAZANAKOTO;0;wallettobank;2900000;277320874;280220874;971af052-0dcd-49b6-b5d0-e6d53463b1e9;WTB
14/09/2026 18:00:46;7207505624;Completed;0346707005;0385344178;C;ANDRIATIANA SALEMA;0;wallettobank;30000;280220874;280250874;df133237-28c8-4b1a-84a4-e93530d6d16d;WTB
14/09/2026 18:01:58;7207597502;Completed;0347850404;0385344178;C;FANJA ANDRIAMANANTENA;0;wallettobank;670;280250874;280251544;bdb471a0-2d0c-4169-b556-1affb2b82bd8;WTB
14/09/2026 18:02:04;7207585280;Completed;0342226775;0385344178;C;TOMBOZOKY;0;wallettobank;140000;280251544;280391544;fa1a0ac3-d766-4515-a96e-b4ed012dd6c8;WTB
14/09/2026 18:05:42;7207914077;Completed;0346198043;0385344178;C;SANDIA;0;wallettobank;600000;280391544;280991544;92feb268-7bf0-41fd-a0f4-d5137ec55d09;WTB
14/09/2026 18:06:18;7207945072;Completed;0389448526;0385344178;C;SCOLASTIQUE;0;wallettobank;227000;280991544;281218544;7635886f-78d3-4131-a527-3aa7381c2ae1;WTB
14/09/2026 19:37:58;7213595415;Completed;0381102791;0385344178;C;RAHERINIRINA;0;wallettobank;304000;295166375;295470375;4f2a024c-9df0-4f85-8094-ccd281b7dd3b;WTB
14/09/2026 19:43:01;7213859655;Completed;0341073568;0385344178;C;BELALAHY JEAN FRANCISCO;0;wallettobank;2700000;295470375;298170375;8c000fb1-de5b-4c67-b7b1-14616203e228;WTB
14/09/2026 19:44:18;7213920306;Completed;0385950830;0385344178;C;ANDRIAMBOLOLONTSOA;0;wallettobank;34000;298170375;298204375;dbba62c0-3116-49b3-b2ea-7f7192d76f7d;WTB
14/09/2026 19:48:17;7214097665;Completed;0387962026;0385344178;C;RAZAZARISON;0;wallettobank;38000;298205275;298243275;6319808b-ef2f-436a-bad2-9555f5db838a;WTB
14/09/2026 19:50:43;7214193374;Completed;0340534846;0385344178;C;RAOLINIRINA;0;wallettobank;618600;298243275;298861875;9898f0e9-247a-4f43-8962-b26c4f37a183;WTB
14/09/2026 19:55:02;7214394900;Completed;0388291957;0385344178;C;RASOANIRINA;0;wallettobank;30000;298861875;298891875;0b49dd50-20a3-4b2a-8616-dc7647a87c3b;WTB
14/09/2026 19:58:36;7214529283;Completed;0341109332;0385344178;C;SOAVINJANAHARY;0;wallettobank;3000;298891875;298894875;480695a4-5736-47cb-8490-1d7a0699c36d;WTB
14/09/2026 20:09:08;7214915032;Completed;0382194071;0385344178;C;VAVIZARA;0;wallettobank;600000;298894875;299494875;9ae159bb-1a12-4a10-9197-33ad59a195d4;WTB
14/09/2026 20:13:55;7215110252;Completed;0382138349;0385344178;C;ANDRIANANTENAINA;0;wallettobank;4000;299494875;299498875;0e92888e-8b10-4c56-8ad2-cf75a29b489e;WTB
14/09/2026 20:30:49;7215671283;Completed;0380307170;0385344178;C;FANOMEZANTSOA;0;wallettobank;10000;299498875;299508875;8a1bff2e-2408-4cc3-9352-3401f20462a4;WTB
14/09/2026 20:37:49;7215903798;Completed;0384614188;0385344178;C;RAZANABOAAHARISOA;0;wallettobank;14000;299508875;299522875;8f6b4e8f-1d3b-45aa-861d-f5a20db04142;WTB
14/09/2026 20:41:06;7215986255;Completed;0348482444;0385344178;C;Razafindranaivo;0;wallettobank;150800;299522875;299673675;9bada32a-1b7b-465b-ae1e-4d4cedb76878;WTB
14/09/2026 20:48:40;7216184063;Completed;0341408585;0385344178;C;RANAIVOARISOA;0;wallettobank;15000;299673675;299688675;5a7abcdf-a6d9-4a1b-8f84-82b78f7e0cb0;WTB
14/09/2026 20:50:38;7216253308;Completed;0341408585;0385344178;C;RANAIVOARISOA;0;wallettobank;200;299688675;299688875;5bdc2f13-42ab-45d3-9362-b3bb749af26f;WTB
14/09/2026 21:04:15;7216556279;Completed;0344065000;0385344178;C;RATEFIARISON;0;wallettobank;2309100;299688875;301997975;f5a5e564-5195-4752-a438-95e44231272a;WTB
14/09/2026 21:09:40;7216695626;Completed;0345421296;0385344178;C;IAVOTRINIAINA;0;wallettobank;428000;301997975;302425975;98e7fdcd-7ec9-4543-9eca-8792237ade81;WTB
14/09/2026 21:13:37;7216810076;Completed;0344021740;0385344178;C;Randrianarisoa;0;wallettobank;305000;302425975;302730975;640b8032-45cd-483e-b21a-f7956a4f137b;WTB
14/09/2026 21:28:51;7217055868;Completed;0347016240;0385344178;C;ARINELINA;0;wallettobank;300000;302730975;303030975;b0a504e0-3add-4d9e-902d-0066a53a1559;WTB
14/09/2026 21:54:28;7217428224;Completed;0340143072;0385344178;C;SOAMARINA;0;wallettobank;740000;303030975;303770975;d7c25703-825f-49d8-9bec-5158fa07e6ae;WTB
14/09/2026 22:05:18;7217528580;Completed;0387500002;0385344178;C;ANDRIATAHINA;0;wallettobank;1123000;303770975;304893975;ef725cdc-06ac-4aee-89cf-ed127d825ff9;WTB
14/09/2026 22:06:17;7217519368;Completed;0385394839;0385344178;C;RANDRIANARIVELO;0;wallettobank;82000;304893975;304975975;cf45ac7c-7227-41b1-a5f0-5f01422d2623;WTB
14/09/2026 22:10:06;7217572198;Completed;0340143072;0385344178;C;SOAMARINA;0;wallettobank;385000;304975975;305360975;4cf3909e-0d01-4ec1-91b9-96f854ec97f7;WTB
14/09/2026 23:07:53;7217931246;Completed;0380171630;0385344178;C;RAJOELSON;0;wallettobank;400;305360975;305361375;3de8539a-4a5f-4d5a-bfb9-cecde648249b;WTB
